CRIME_YEAR,CRIME_STATE,CRIME_CITY,CRIME_CITY_LATTITUDE,CRIME_CITY_LONGTITUDE,CRIME_TYPE,NUMBER_OF_CRIME_IN_THE_CRIME_TYPE
2001,TAMIL NADU,CHENNAI,13.0826,80.2707,MURDER,91
2001,TAMIL NADU,CHENNAI,13.0826,80.2707,ATTEMPT TO MURDER,298
2001,TAMIL NADU,CHENNAI,13.0826,80.2707,CULPABLE HOMICIDE NOT AMOUNTING TO MURDER,0
2001,TAMIL NADU,CHENNAI,13.0826,80.2707,RAPE,28
2001,TAMIL NADU,CHENNAI,13.0826,80.2707,OTHER RAPE,28
2001,TAMIL NADU,CHENNAI,13.0826,80.2707,KIDNAPPING & ABDUCTION,40
2001,TAMIL NADU,CHENNAI,13.0826,80.2707,KIDNAPPING AND ABDUCTION OF WOMEN AND GIRLS,0
2001,TAMIL NADU,CHENNAI,13.0826,80.2707,KIDNAPPING AND ABDUCTION OF OTHERS,40
2001,TAMIL NADU,CHENNAI,13.0826,80.2707,DACOITY,12
2001,TAMIL NADU,CHENNAI,13.0826,80.2707,ROBBERY,127
2001,TAMIL NADU,CHENNAI,13.0826,80.2707,BURGLARY,668
2001,TAMIL NADU,CHENNAI,13.0826,80.2707,THEFT,2167
2001,TAMIL NADU,CHENNAI,13.0826,80.2707,RIOTS,105
2001,TAMIL NADU,CHENNAI,13.0826,80.2707,CRIMINAL BREACH OF TRUST,26
2001,TAMIL NADU,CHENNAI,13.0826,80.2707,CHEATING,600
2001,TAMIL NADU,CHENNAI,13.0826,80.2707,COUNTERFIETING,0
2001,TAMIL NADU,CHENNAI,13.0826,80.2707,HURT/GREVIOUS HURT,813
2001,TAMIL NADU,CHENNAI,13.0826,80.2707,DOWRY DEATHS,13
2001,TAMIL NADU,CHENNAI,13.0826,80.2707,ASSAULT ON WOMEN WITH INTENT TO OUTRAGE HER MODESTY,70
2001,TAMIL NADU,CHENNAI,13.0826,80.2707,CAUSING DEATH BY NEGLIGENCE,675
2001,TAMIL NADU,COIMBATORE,11.0168,76.9558,MURDER,77
2001,TAMIL NADU,COIMBATORE,11.0168,76.9558,ATTEMPT TO MURDER,49
2001,TAMIL NADU,COIMBATORE,11.0168,76.9558,CULPABLE HOMICIDE NOT AMOUNTING TO MURDER,3
2001,TAMIL NADU,COIMBATORE,11.0168,76.9558,RAPE,18
2001,TAMIL NADU,COIMBATORE,11.0168,76.9558,OTHER RAPE,18
2001,TAMIL NADU,COIMBATORE,11.0168,76.9558,KIDNAPPING & ABDUCTION,38
2001,TAMIL NADU,COIMBATORE,11.0168,76.9558,KIDNAPPING AND ABDUCTION OF WOMEN AND GIRLS,27
2001,TAMIL NADU,COIMBATORE,11.0168,76.9558,KIDNAPPING AND ABDUCTION OF OTHERS,11
2001,TAMIL NADU,COIMBATORE,11.0168,76.9558,DACOITY,11
2001,TAMIL NADU,COIMBATORE,11.0168,76.9558,ROBBERY,41
2001,TAMIL NADU,COIMBATORE,11.0168,76.9558,BURGLARY,346
2001,TAMIL NADU,COIMBATORE,11.0168,76.9558,THEFT,1008
2001,TAMIL NADU,COIMBATORE,11.0168,76.9558,RIOTS,455
2001,TAMIL NADU,COIMBATORE,11.0168,76.9558,CRIMINAL BREACH OF TRUST,36
2001,TAMIL NADU,COIMBATORE,11.0168,76.9558,CHEATING,102
2001,TAMIL NADU,COIMBATORE,11.0168,76.9558,COUNTERFIETING,4
2001,TAMIL NADU,COIMBATORE,11.0168,76.9558,HURT/GREVIOUS HURT,1044
2001,TAMIL NADU,COIMBATORE,11.0168,76.9558,DOWRY DEATHS,16
2001,TAMIL NADU,COIMBATORE,11.0168,76.9558,ASSAULT ON WOMEN WITH INTENT TO OUTRAGE HER MODESTY,75
2001,TAMIL NADU,COIMBATORE,11.0168,76.9558,CAUSING DEATH BY NEGLIGENCE,672
2001,TAMIL NADU,SALEM,11.6643,78.146,MURDER,78
2001,TAMIL NADU,SALEM,11.6643,78.146,ATTEMPT TO MURDER,43
2001,TAMIL NADU,SALEM,11.6643,78.146,CULPABLE HOMICIDE NOT AMOUNTING TO MURDER,1
2001,TAMIL NADU,SALEM,11.6643,78.146,RAPE,8
2001,TAMIL NADU,SALEM,11.6643,78.146,OTHER RAPE,8
2001,TAMIL NADU,SALEM,11.6643,78.146,KIDNAPPING & ABDUCTION,35
2001,TAMIL NADU,SALEM,11.6643,78.146,KIDNAPPING AND ABDUCTION OF WOMEN AND GIRLS,29
2001,TAMIL NADU,SALEM,11.6643,78.146,KIDNAPPING AND ABDUCTION OF OTHERS,6
2001,TAMIL NADU,SALEM,11.6643,78.146,DACOITY,3
2001,TAMIL NADU,SALEM,11.6643,78.146,ROBBERY,8
2001,TAMIL NADU,SALEM,11.6643,78.146,BURGLARY,66
2001,TAMIL NADU,SALEM,11.6643,78.146,THEFT,192
2001,TAMIL NADU,SALEM,11.6643,78.146,RIOTS,170
2001,TAMIL NADU,SALEM,11.6643,78.146,CRIMINAL BREACH OF TRUST,2
2001,TAMIL NADU,SALEM,11.6643,78.146,CHEATING,5
2001,TAMIL NADU,SALEM,11.6643,78.146,COUNTERFIETING,0
2001,TAMIL NADU,SALEM,11.6643,78.146,HURT/GREVIOUS HURT,890
2001,TAMIL NADU,SALEM,11.6643,78.146,DOWRY DEATHS,8
2001,TAMIL NADU,SALEM,11.6643,78.146,ASSAULT ON WOMEN WITH INTENT TO OUTRAGE HER MODESTY,53
2001,TAMIL NADU,SALEM,11.6643,78.146,CAUSING DEATH BY NEGLIGENCE,367
2001,TAMIL NADU,MADURAI,9.9252,78.1198,MURDER,64
2001,TAMIL NADU,MADURAI,9.9252,78.1198,ATTEMPT TO MURDER,51
2001,TAMIL NADU,MADURAI,9.9252,78.1198,CULPABLE HOMICIDE NOT AMOUNTING TO MURDER,0
2001,TAMIL NADU,MADURAI,9.9252,78.1198,RAPE,13
2001,TAMIL NADU,MADURAI,9.9252,78.1198,OTHER RAPE,13
2001,TAMIL NADU,MADURAI,9.9252,78.1198,KIDNAPPING & ABDUCTION,30
2001,TAMIL NADU,MADURAI,9.9252,78.1198,KIDNAPPING AND ABDUCTION OF WOMEN AND GIRLS,23
2001,TAMIL NADU,MADURAI,9.9252,78.1198,KIDNAPPING AND ABDUCTION OF OTHERS,7
2001,TAMIL NADU,MADURAI,9.9252,78.1198,DACOITY,13
2001,TAMIL NADU,MADURAI,9.9252,78.1198,ROBBERY,92
2001,TAMIL NADU,MADURAI,9.9252,78.1198,BURGLARY,137
2001,TAMIL NADU,MADURAI,9.9252,78.1198,THEFT,351
2001,TAMIL NADU,MADURAI,9.9252,78.1198,RIOTS,286
2001,TAMIL NADU,MADURAI,9.9252,78.1198,CRIMINAL BREACH OF TRUST,24
2001,TAMIL NADU,MADURAI,9.9252,78.1198,CHEATING,59
2001,TAMIL NADU,MADURAI,9.9252,78.1198,COUNTERFIETING,3
2001,TAMIL NADU,MADURAI,9.9252,78.1198,HURT/GREVIOUS HURT,2070
2001,TAMIL NADU,MADURAI,9.9252,78.1198,DOWRY DEATHS,5
2001,TAMIL NADU,MADURAI,9.9252,78.1198,ASSAULT ON WOMEN WITH INTENT TO OUTRAGE HER MODESTY,52
2001,TAMIL NADU,MADURAI,9.9252,78.1198,CAUSING DEATH BY NEGLIGENCE,264
2001,TAMIL NADU,THIRUNELVELI,8.7412,77.6946,MURDER,74
2001,TAMIL NADU,THIRUNELVELI,8.7412,77.6946,ATTEMPT TO MURDER,124
2001,TAMIL NADU,THIRUNELVELI,8.7412,77.6946,CULPABLE HOMICIDE NOT AMOUNTING TO MURDER,1
2001,TAMIL NADU,THIRUNELVELI,8.7412,77.6946,RAPE,57
2001,TAMIL NADU,THIRUNELVELI,8.7412,77.6946,OTHER RAPE,57
2001,TAMIL NADU,THIRUNELVELI,8.7412,77.6946,KIDNAPPING & ABDUCTION,66
2001,TAMIL NADU,THIRUNELVELI,8.7412,77.6946,KIDNAPPING AND ABDUCTION OF WOMEN AND GIRLS,53
2001,TAMIL NADU,THIRUNELVELI,8.7412,77.6946,KIDNAPPING AND ABDUCTION OF OTHERS,13
2001,TAMIL NADU,THIRUNELVELI,8.7412,77.6946,DACOITY,3
2001,TAMIL NADU,THIRUNELVELI,8.7412,77.6946,ROBBERY,27
2001,TAMIL NADU,THIRUNELVELI,8.7412,77.6946,BURGLARY,310
2001,TAMIL NADU,THIRUNELVELI,8.7412,77.6946,THEFT,560
2001,TAMIL NADU,THIRUNELVELI,8.7412,77.6946,RIOTS,97
2001,TAMIL NADU,THIRUNELVELI,8.7412,77.6946,CRIMINAL BREACH OF TRUST,16
2001,TAMIL NADU,THIRUNELVELI,8.7412,77.6946,CHEATING,51
2001,TAMIL NADU,THIRUNELVELI,8.7412,77.6946,COUNTERFIETING,10
2001,TAMIL NADU,THIRUNELVELI,8.7412,77.6946,HURT/GREVIOUS HURT,835
2001,TAMIL NADU,THIRUNELVELI,8.7412,77.6946,DOWRY DEATHS,3
2001,TAMIL NADU,THIRUNELVELI,8.7412,77.6946,ASSAULT ON WOMEN WITH INTENT TO OUTRAGE HER MODESTY,155
2001,TAMIL NADU,THIRUNELVELI,8.7412,77.6946,CAUSING DEATH BY NEGLIGENCE,212
2001,TAMIL NADU,VELLORE,12.9349,79.1468,MURDER,78
2001,TAMIL NADU,VELLORE,12.9349,79.1468,ATTEMPT TO MURDER,56
2001,TAMIL NADU,VELLORE,12.9349,79.1468,CULPABLE HOMICIDE NOT AMOUNTING TO MURDER,2
2001,TAMIL NADU,VELLORE,12.9349,79.1468,RAPE,13
2001,TAMIL NADU,VELLORE,12.9349,79.1468,OTHER RAPE,13
2001,TAMIL NADU,VELLORE,12.9349,79.1468,KIDNAPPING & ABDUCTION,16
2001,TAMIL NADU,VELLORE,12.9349,79.1468,KIDNAPPING AND ABDUCTION OF WOMEN AND GIRLS,0
2001,TAMIL NADU,VELLORE,12.9349,79.1468,KIDNAPPING AND ABDUCTION OF OTHERS,16
2001,TAMIL NADU,VELLORE,12.9349,79.1468,DACOITY,10
2001,TAMIL NADU,VELLORE,12.9349,79.1468,ROBBERY,25
2001,TAMIL NADU,VELLORE,12.9349,79.1468,BURGLARY,309
2001,TAMIL NADU,VELLORE,12.9349,79.1468,THEFT,744
2001,TAMIL NADU,VELLORE,12.9349,79.1468,RIOTS,440
2001,TAMIL NADU,VELLORE,12.9349,79.1468,CRIMINAL BREACH OF TRUST,15
2001,TAMIL NADU,VELLORE,12.9349,79.1468,CHEATING,55
2001,TAMIL NADU,VELLORE,12.9349,79.1468,COUNTERFIETING,9
2001,TAMIL NADU,VELLORE,12.9349,79.1468,HURT/GREVIOUS HURT,2270
2001,TAMIL NADU,VELLORE,12.9349,79.1468,DOWRY DEATHS,8
2001,TAMIL NADU,VELLORE,12.9349,79.1468,ASSAULT ON WOMEN WITH INTENT TO OUTRAGE HER MODESTY,54
2001,TAMIL NADU,VELLORE,12.9349,79.1468,CAUSING DEATH BY NEGLIGENCE,342
2002,TAMIL NADU,CHENNAI,13.0826,80.2707,MURDER,90
2002,TAMIL NADU,CHENNAI,13.0826,80.2707,ATTEMPT TO MURDER,294
2002,TAMIL NADU,CHENNAI,13.0826,80.2707,CULPABLE HOMICIDE NOT AMOUNTING TO MURDER,5
2002,TAMIL NADU,CHENNAI,13.0826,80.2707,RAPE,26
2002,TAMIL NADU,CHENNAI,13.0826,80.2707,OTHER RAPE,26
2002,TAMIL NADU,CHENNAI,13.0826,80.2707,KIDNAPPING & ABDUCTION,44
2002,TAMIL NADU,CHENNAI,13.0826,80.2707,KIDNAPPING AND ABDUCTION OF WOMEN AND GIRLS,21
2002,TAMIL NADU,CHENNAI,13.0826,80.2707,KIDNAPPING AND ABDUCTION OF OTHERS,23
2002,TAMIL NADU,CHENNAI,13.0826,80.2707,DACOITY,14
2002,TAMIL NADU,CHENNAI,13.0826,80.2707,ROBBERY,97
2002,TAMIL NADU,CHENNAI,13.0826,80.2707,BURGLARY,570
2002,TAMIL NADU,CHENNAI,13.0826,80.2707,THEFT,2791
2002,TAMIL NADU,CHENNAI,13.0826,80.2707,RIOTS,52
2002,TAMIL NADU,CHENNAI,13.0826,80.2707,CRIMINAL BREACH OF TRUST,13
2002,TAMIL NADU,CHENNAI,13.0826,80.2707,CHEATING,644
2002,TAMIL NADU,CHENNAI,13.0826,80.2707,COUNTERFIETING,2
2002,TAMIL NADU,CHENNAI,13.0826,80.2707,HURT/GREVIOUS HURT,812
2002,TAMIL NADU,CHENNAI,13.0826,80.2707,DOWRY DEATHS,20
2002,TAMIL NADU,CHENNAI,13.0826,80.2707,ASSAULT ON WOMEN WITH INTENT TO OUTRAGE HER MODESTY,61
2002,TAMIL NADU,CHENNAI,13.0826,80.2707,CAUSING DEATH BY NEGLIGENCE,485
2002,TAMIL NADU,COIMBATORE,11.0168,76.9558,MURDER,83
2002,TAMIL NADU,COIMBATORE,11.0168,76.9558,ATTEMPT TO MURDER,54
2002,TAMIL NADU,COIMBATORE,11.0168,76.9558,CULPABLE HOMICIDE NOT AMOUNTING TO MURDER,1
2002,TAMIL NADU,COIMBATORE,11.0168,76.9558,RAPE,25
2002,TAMIL NADU,COIMBATORE,11.0168,76.9558,OTHER RAPE,25
2002,TAMIL NADU,COIMBATORE,11.0168,76.9558,KIDNAPPING & ABDUCTION,30
2002,TAMIL NADU,COIMBATORE,11.0168,76.9558,KIDNAPPING AND ABDUCTION OF WOMEN AND GIRLS,30
2002,TAMIL NADU,COIMBATORE,11.0168,76.9558,KIDNAPPING AND ABDUCTION OF OTHERS,0
2002,TAMIL NADU,COIMBATORE,11.0168,76.9558,DACOITY,11
2002,TAMIL NADU,COIMBATORE,11.0168,76.9558,ROBBERY,36
2002,TAMIL NADU,COIMBATORE,11.0168,76.9558,BURGLARY,284
2002,TAMIL NADU,COIMBATORE,11.0168,76.9558,THEFT,1030
2002,TAMIL NADU,COIMBATORE,11.0168,76.9558,RIOTS,476
2002,TAMIL NADU,COIMBATORE,11.0168,76.9558,CRIMINAL BREACH OF TRUST,79
2002,TAMIL NADU,COIMBATORE,11.0168,76.9558,CHEATING,10
2002,TAMIL NADU,COIMBATORE,11.0168,76.9558,COUNTERFIETING,5
2002,TAMIL NADU,COIMBATORE,11.0168,76.9558,HURT/GREVIOUS HURT,1106
2002,TAMIL NADU,COIMBATORE,11.0168,76.9558,DOWRY DEATHS,21
2002,TAMIL NADU,COIMBATORE,11.0168,76.9558,ASSAULT ON WOMEN WITH INTENT TO OUTRAGE HER MODESTY,79
2002,TAMIL NADU,COIMBATORE,11.0168,76.9558,CAUSING DEATH BY NEGLIGENCE,712
2002,TAMIL NADU,SALEM,11.6643,78.146,MURDER,79
2002,TAMIL NADU,SALEM,11.6643,78.146,ATTEMPT TO MURDER,41
2002,TAMIL NADU,SALEM,11.6643,78.146,CULPABLE HOMICIDE NOT AMOUNTING TO MURDER,2
2002,TAMIL NADU,SALEM,11.6643,78.146,RAPE,14
2002,TAMIL NADU,SALEM,11.6643,78.146,OTHER RAPE,14
2002,TAMIL NADU,SALEM,11.6643,78.146,KIDNAPPING & ABDUCTION,26
2002,TAMIL NADU,SALEM,11.6643,78.146,KIDNAPPING AND ABDUCTION OF WOMEN AND GIRLS,24
2002,TAMIL NADU,SALEM,11.6643,78.146,KIDNAPPING AND ABDUCTION OF OTHERS,2
2002,TAMIL NADU,SALEM,11.6643,78.146,DACOITY,7
2002,TAMIL NADU,SALEM,11.6643,78.146,ROBBERY,7
2002,TAMIL NADU,SALEM,11.6643,78.146,BURGLARY,72
2002,TAMIL NADU,SALEM,11.6643,78.146,THEFT,209
2002,TAMIL NADU,SALEM,11.6643,78.146,RIOTS,228
2002,TAMIL NADU,SALEM,11.6643,78.146,CRIMINAL BREACH OF TRUST,2
2002,TAMIL NADU,SALEM,11.6643,78.146,CHEATING,15
2002,TAMIL NADU,SALEM,11.6643,78.146,COUNTERFIETING,2
2002,TAMIL NADU,SALEM,11.6643,78.146,HURT/GREVIOUS HURT,1860
2002,TAMIL NADU,SALEM,11.6643,78.146,DOWRY DEATHS,3
2002,TAMIL NADU,SALEM,11.6643,78.146,ASSAULT ON WOMEN WITH INTENT TO OUTRAGE HER MODESTY,54
2002,TAMIL NADU,SALEM,11.6643,78.146,CAUSING DEATH BY NEGLIGENCE,372
2002,TAMIL NADU,MADURAI,9.9252,78.1198,MURDER,65
2002,TAMIL NADU,MADURAI,9.9252,78.1198,ATTEMPT TO MURDER,45
2002,TAMIL NADU,MADURAI,9.9252,78.1198,CULPABLE HOMICIDE NOT AMOUNTING TO MURDER,0
2002,TAMIL NADU,MADURAI,9.9252,78.1198,RAPE,15
2002,TAMIL NADU,MADURAI,9.9252,78.1198,OTHER RAPE,15
2002,TAMIL NADU,MADURAI,9.9252,78.1198,KIDNAPPING & ABDUCTION,32
2002,TAMIL NADU,MADURAI,9.9252,78.1198,KIDNAPPING AND ABDUCTION OF WOMEN AND GIRLS,16
2002,TAMIL NADU,MADURAI,9.9252,78.1198,KIDNAPPING AND ABDUCTION OF OTHERS,16
2002,TAMIL NADU,MADURAI,9.9252,78.1198,DACOITY,11
2002,TAMIL NADU,MADURAI,9.9252,78.1198,ROBBERY,52
2002,TAMIL NADU,MADURAI,9.9252,78.1198,BURGLARY,107
2002,TAMIL NADU,MADURAI,9.9252,78.1198,THEFT,318
2002,TAMIL NADU,MADURAI,9.9252,78.1198,RIOTS,131
2002,TAMIL NADU,MADURAI,9.9252,78.1198,CRIMINAL BREACH OF TRUST,6
2002,TAMIL NADU,MADURAI,9.9252,78.1198,CHEATING,53
2002,TAMIL NADU,MADURAI,9.9252,78.1198,COUNTERFIETING,1
2002,TAMIL NADU,MADURAI,9.9252,78.1198,HURT/GREVIOUS HURT,638
2002,TAMIL NADU,MADURAI,9.9252,78.1198,DOWRY DEATHS,8
2002,TAMIL NADU,MADURAI,9.9252,78.1198,ASSAULT ON WOMEN WITH INTENT TO OUTRAGE HER MODESTY,60
2002,TAMIL NADU,MADURAI,9.9252,78.1198,CAUSING DEATH BY NEGLIGENCE,298
2002,TAMIL NADU,THIRUNELVELI,8.7412,77.6946,MURDER,80
2002,TAMIL NADU,THIRUNELVELI,8.7412,77.6946,ATTEMPT TO MURDER,103
2002,TAMIL NADU,THIRUNELVELI,8.7412,77.6946,CULPABLE HOMICIDE NOT AMOUNTING TO MURDER,3
2002,TAMIL NADU,THIRUNELVELI,8.7412,77.6946,RAPE,41
2002,TAMIL NADU,THIRUNELVELI,8.7412,77.6946,OTHER RAPE,41
2002,TAMIL NADU,THIRUNELVELI,8.7412,77.6946,KIDNAPPING & ABDUCTION,65
2002,TAMIL NADU,THIRUNELVELI,8.7412,77.6946,KIDNAPPING AND ABDUCTION OF WOMEN AND GIRLS,47
2002,TAMIL NADU,THIRUNELVELI,8.7412,77.6946,KIDNAPPING AND ABDUCTION OF OTHERS,18
2002,TAMIL NADU,THIRUNELVELI,8.7412,77.6946,DACOITY,2
2002,TAMIL NADU,THIRUNELVELI,8.7412,77.6946,ROBBERY,30
2002,TAMIL NADU,THIRUNELVELI,8.7412,77.6946,BURGLARY,239
2002,TAMIL NADU,THIRUNELVELI,8.7412,77.6946,THEFT,590
2002,TAMIL NADU,THIRUNELVELI,8.7412,77.6946,RIOTS,7
2002,TAMIL NADU,THIRUNELVELI,8.7412,77.6946,CRIMINAL BREACH OF TRUST,9
2002,TAMIL NADU,THIRUNELVELI,8.7412,77.6946,CHEATING,59
2002,TAMIL NADU,THIRUNELVELI,8.7412,77.6946,COUNTERFIETING,3
2002,TAMIL NADU,THIRUNELVELI,8.7412,77.6946,HURT/GREVIOUS HURT,803
2002,TAMIL NADU,THIRUNELVELI,8.7412,77.6946,DOWRY DEATHS,3
2002,TAMIL NADU,THIRUNELVELI,8.7412,77.6946,ASSAULT ON WOMEN WITH INTENT TO OUTRAGE HER MODESTY,143
2002,TAMIL NADU,THIRUNELVELI,8.7412,77.6946,CAUSING DEATH BY NEGLIGENCE,269
2002,TAMIL NADU,VELLORE,12.9349,79.1468,MURDER,61
2002,TAMIL NADU,VELLORE,12.9349,79.1468,ATTEMPT TO MURDER,73
2002,TAMIL NADU,VELLORE,12.9349,79.1468,CULPABLE HOMICIDE NOT AMOUNTING TO MURDER,3
2002,TAMIL NADU,VELLORE,12.9349,79.1468,RAPE,31
2002,TAMIL NADU,VELLORE,12.9349,79.1468,OTHER RAPE,31
2002,TAMIL NADU,VELLORE,12.9349,79.1468,KIDNAPPING & ABDUCTION,55
2002,TAMIL NADU,VELLORE,12.9349,79.1468,KIDNAPPING AND ABDUCTION OF WOMEN AND GIRLS,33
2002,TAMIL NADU,VELLORE,12.9349,79.1468,KIDNAPPING AND ABDUCTION OF OTHERS,22
2002,TAMIL NADU,VELLORE,12.9349,79.1468,DACOITY,6
2002,TAMIL NADU,VELLORE,12.9349,79.1468,ROBBERY,11
2002,TAMIL NADU,VELLORE,12.9349,79.1468,BURGLARY,336
2002,TAMIL NADU,VELLORE,12.9349,79.1468,THEFT,879
2002,TAMIL NADU,VELLORE,12.9349,79.1468,RIOTS,139
2002,TAMIL NADU,VELLORE,12.9349,79.1468,CRIMINAL BREACH OF TRUST,15
2002,TAMIL NADU,VELLORE,12.9349,79.1468,CHEATING,94
2002,TAMIL NADU,VELLORE,12.9349,79.1468,COUNTERFIETING,4
2002,TAMIL NADU,VELLORE,12.9349,79.1468,HURT/GREVIOUS HURT,993
2002,TAMIL NADU,VELLORE,12.9349,79.1468,DOWRY DEATHS,13
2002,TAMIL NADU,VELLORE,12.9349,79.1468,ASSAULT ON WOMEN WITH INTENT TO OUTRAGE HER MODESTY,48
2002,TAMIL NADU,VELLORE,12.9349,79.1468,CAUSING DEATH BY NEGLIGENCE,417
2003,TAMIL NADU,CHENNAI,13.0826,80.2707,MURDER,71
2003,TAMIL NADU,CHENNAI,13.0826,80.2707,ATTEMPT TO MURDER,279
2003,TAMIL NADU,CHENNAI,13.0826,80.2707,CULPABLE HOMICIDE NOT AMOUNTING TO MURDER,4
2003,TAMIL NADU,CHENNAI,13.0826,80.2707,RAPE,38
2003,TAMIL NADU,CHENNAI,13.0826,80.2707,OTHER RAPE,37
2003,TAMIL NADU,CHENNAI,13.0826,80.2707,KIDNAPPING & ABDUCTION,34
2003,TAMIL NADU,CHENNAI,13.0826,80.2707,KIDNAPPING AND ABDUCTION OF WOMEN AND GIRLS,0
2003,TAMIL NADU,CHENNAI,13.0826,80.2707,KIDNAPPING AND ABDUCTION OF OTHERS,34
2003,TAMIL NADU,CHENNAI,13.0826,80.2707,DACOITY,6
2003,TAMIL NADU,CHENNAI,13.0826,80.2707,ROBBERY,74
2003,TAMIL NADU,CHENNAI,13.0826,80.2707,BURGLARY,649
2003,TAMIL NADU,CHENNAI,13.0826,80.2707,THEFT,3779
2003,TAMIL NADU,CHENNAI,13.0826,80.2707,RIOTS,43
2003,TAMIL NADU,CHENNAI,13.0826,80.2707,CRIMINAL BREACH OF TRUST,19
2003,TAMIL NADU,CHENNAI,13.0826,80.2707,CHEATING,627
2003,TAMIL NADU,CHENNAI,13.0826,80.2707,COUNTERFIETING,8
2003,TAMIL NADU,CHENNAI,13.0826,80.2707,HURT/GREVIOUS HURT,749
2003,TAMIL NADU,CHENNAI,13.0826,80.2707,DOWRY DEATHS,18
2003,TAMIL NADU,CHENNAI,13.0826,80.2707,ASSAULT ON WOMEN WITH INTENT TO OUTRAGE HER MODESTY,90
2003,TAMIL NADU,CHENNAI,13.0826,80.2707,CAUSING DEATH BY NEGLIGENCE,547
2003,TAMIL NADU,COIMBATORE,11.0168,76.9558,MURDER,72
2003,TAMIL NADU,COIMBATORE,11.0168,76.9558,ATTEMPT TO MURDER,61
2003,TAMIL NADU,COIMBATORE,11.0168,76.9558,CULPABLE HOMICIDE NOT AMOUNTING TO MURDER,1
2003,TAMIL NADU,COIMBATORE,11.0168,76.9558,RAPE,16
2003,TAMIL NADU,COIMBATORE,11.0168,76.9558,OTHER RAPE,16
2003,TAMIL NADU,COIMBATORE,11.0168,76.9558,KIDNAPPING & ABDUCTION,19
2003,TAMIL NADU,COIMBATORE,11.0168,76.9558,KIDNAPPING AND ABDUCTION OF WOMEN AND GIRLS,14
2003,TAMIL NADU,COIMBATORE,11.0168,76.9558,KIDNAPPING AND ABDUCTION OF OTHERS,5
2003,TAMIL NADU,COIMBATORE,11.0168,76.9558,DACOITY,6
2003,TAMIL NADU,COIMBATORE,11.0168,76.9558,ROBBERY,35
2003,TAMIL NADU,COIMBATORE,11.0168,76.9558,BURGLARY,265
2003,TAMIL NADU,COIMBATORE,11.0168,76.9558,THEFT,1146
2003,TAMIL NADU,COIMBATORE,11.0168,76.9558,RIOTS,321
2003,TAMIL NADU,COIMBATORE,11.0168,76.9558,CRIMINAL BREACH OF TRUST,38
2003,TAMIL NADU,COIMBATORE,11.0168,76.9558,CHEATING,71
2003,TAMIL NADU,COIMBATORE,11.0168,76.9558,COUNTERFIETING,3
2003,TAMIL NADU,COIMBATORE,11.0168,76.9558,HURT/GREVIOUS HURT,1027
2003,TAMIL NADU,COIMBATORE,11.0168,76.9558,DOWRY DEATHS,17
2003,TAMIL NADU,COIMBATORE,11.0168,76.9558,ASSAULT ON WOMEN WITH INTENT TO OUTRAGE HER MODESTY,79
2003,TAMIL NADU,COIMBATORE,11.0168,76.9558,CAUSING DEATH BY NEGLIGENCE,725
2003,TAMIL NADU,SALEM,11.6643,78.146,MURDER,78
2003,TAMIL NADU,SALEM,11.6643,78.146,ATTEMPT TO MURDER,123
2003,TAMIL NADU,SALEM,11.6643,78.146,CULPABLE HOMICIDE NOT AMOUNTING TO MURDER,2
2003,TAMIL NADU,SALEM,11.6643,78.146,RAPE,35
2003,TAMIL NADU,SALEM,11.6643,78.146,OTHER RAPE,35
2003,TAMIL NADU,SALEM,11.6643,78.146,KIDNAPPING & ABDUCTION,69
2003,TAMIL NADU,SALEM,11.6643,78.146,KIDNAPPING AND ABDUCTION OF WOMEN AND GIRLS,62
2003,TAMIL NADU,SALEM,11.6643,78.146,KIDNAPPING AND ABDUCTION OF OTHERS,7
2003,TAMIL NADU,SALEM,11.6643,78.146,DACOITY,9
2003,TAMIL NADU,SALEM,11.6643,78.146,ROBBERY,14
2003,TAMIL NADU,SALEM,11.6643,78.146,BURGLARY,138
2003,TAMIL NADU,SALEM,11.6643,78.146,THEFT,357
2003,TAMIL NADU,SALEM,11.6643,78.146,RIOTS,306
2003,TAMIL NADU,SALEM,11.6643,78.146,CRIMINAL BREACH OF TRUST,4
2003,TAMIL NADU,SALEM,11.6643,78.146,CHEATING,52
2003,TAMIL NADU,SALEM,11.6643,78.146,COUNTERFIETING,2
2003,TAMIL NADU,SALEM,11.6643,78.146,HURT/GREVIOUS HURT,2813
2003,TAMIL NADU,SALEM,11.6643,78.146,DOWRY DEATHS,10
2003,TAMIL NADU,SALEM,11.6643,78.146,ASSAULT ON WOMEN WITH INTENT TO OUTRAGE HER MODESTY,167
2003,TAMIL NADU,SALEM,11.6643,78.146,CAUSING DEATH BY NEGLIGENCE,334
2003,TAMIL NADU,MADURAI,9.9252,78.1198,MURDER,48
2003,TAMIL NADU,MADURAI,9.9252,78.1198,ATTEMPT TO MURDER,73
2003,TAMIL NADU,MADURAI,9.9252,78.1198,CULPABLE HOMICIDE NOT AMOUNTING TO MURDER,1
2003,TAMIL NADU,MADURAI,9.9252,78.1198,RAPE,22
2003,TAMIL NADU,MADURAI,9.9252,78.1198,OTHER RAPE,22
2003,TAMIL NADU,MADURAI,9.9252,78.1198,KIDNAPPING & ABDUCTION,31
2003,TAMIL NADU,MADURAI,9.9252,78.1198,KIDNAPPING AND ABDUCTION OF WOMEN AND GIRLS,24
2003,TAMIL NADU,MADURAI,9.9252,78.1198,KIDNAPPING AND ABDUCTION OF OTHERS,7
2003,TAMIL NADU,MADURAI,9.9252,78.1198,DACOITY,6
2003,TAMIL NADU,MADURAI,9.9252,78.1198,ROBBERY,50
2003,TAMIL NADU,MADURAI,9.9252,78.1198,BURGLARY,115
2003,TAMIL NADU,MADURAI,9.9252,78.1198,THEFT,383
2003,TAMIL NADU,MADURAI,9.9252,78.1198,RIOTS,173
2003,TAMIL NADU,MADURAI,9.9252,78.1198,CRIMINAL BREACH OF TRUST,7
2003,TAMIL NADU,MADURAI,9.9252,78.1198,CHEATING,61
2003,TAMIL NADU,MADURAI,9.9252,78.1198,COUNTERFIETING,1
2003,TAMIL NADU,MADURAI,9.9252,78.1198,HURT/GREVIOUS HURT,1868
2003,TAMIL NADU,MADURAI,9.9252,78.1198,DOWRY DEATHS,13
2003,TAMIL NADU,MADURAI,9.9252,78.1198,ASSAULT ON WOMEN WITH INTENT TO OUTRAGE HER MODESTY,58
2003,TAMIL NADU,MADURAI,9.9252,78.1198,CAUSING DEATH BY NEGLIGENCE,300
2003,TAMIL NADU,THIRUNELVELI,8.7412,77.6946,MURDER,54
2003,TAMIL NADU,THIRUNELVELI,8.7412,77.6946,ATTEMPT TO MURDER,73
2003,TAMIL NADU,THIRUNELVELI,8.7412,77.6946,CULPABLE HOMICIDE NOT AMOUNTING TO MURDER,0
2003,TAMIL NADU,THIRUNELVELI,8.7412,77.6946,RAPE,43
2003,TAMIL NADU,THIRUNELVELI,8.7412,77.6946,OTHER RAPE,43
2003,TAMIL NADU,THIRUNELVELI,8.7412,77.6946,KIDNAPPING & ABDUCTION,30
2003,TAMIL NADU,THIRUNELVELI,8.7412,77.6946,KIDNAPPING AND ABDUCTION OF WOMEN AND GIRLS,27
2003,TAMIL NADU,THIRUNELVELI,8.7412,77.6946,KIDNAPPING AND ABDUCTION OF OTHERS,3
2003,TAMIL NADU,THIRUNELVELI,8.7412,77.6946,DACOITY,0
2003,TAMIL NADU,THIRUNELVELI,8.7412,77.6946,ROBBERY,10
2003,TAMIL NADU,THIRUNELVELI,8.7412,77.6946,BURGLARY,150
2003,TAMIL NADU,THIRUNELVELI,8.7412,77.6946,THEFT,439
2003,TAMIL NADU,THIRUNELVELI,8.7412,77.6946,RIOTS,2
2003,TAMIL NADU,THIRUNELVELI,8.7412,77.6946,CRIMINAL BREACH OF TRUST,8
2003,TAMIL NADU,THIRUNELVELI,8.7412,77.6946,CHEATING,34
2003,TAMIL NADU,THIRUNELVELI,8.7412,77.6946,COUNTERFIETING,3
2003,TAMIL NADU,THIRUNELVELI,8.7412,77.6946,HURT/GREVIOUS HURT,1445
2003,TAMIL NADU,THIRUNELVELI,8.7412,77.6946,DOWRY DEATHS,11
2003,TAMIL NADU,THIRUNELVELI,8.7412,77.6946,ASSAULT ON WOMEN WITH INTENT TO OUTRAGE HER MODESTY,122
2003,TAMIL NADU,THIRUNELVELI,8.7412,77.6946,CAUSING DEATH BY NEGLIGENCE,224
2003,TAMIL NADU,VELLORE,12.9349,79.1468,MURDER,87
2003,TAMIL NADU,VELLORE,12.9349,79.1468,ATTEMPT TO MURDER,30
2003,TAMIL NADU,VELLORE,12.9349,79.1468,CULPABLE HOMICIDE NOT AMOUNTING TO MURDER,0
2003,TAMIL NADU,VELLORE,12.9349,79.1468,RAPE,20
2003,TAMIL NADU,VELLORE,12.9349,79.1468,OTHER RAPE,20
2003,TAMIL NADU,VELLORE,12.9349,79.1468,KIDNAPPING & ABDUCTION,42
2003,TAMIL NADU,VELLORE,12.9349,79.1468,KIDNAPPING AND ABDUCTION OF WOMEN AND GIRLS,23
2003,TAMIL NADU,VELLORE,12.9349,79.1468,KIDNAPPING AND ABDUCTION OF OTHERS,19
2003,TAMIL NADU,VELLORE,12.9349,79.1468,DACOITY,0
2003,TAMIL NADU,VELLORE,12.9349,79.1468,ROBBERY,5
2003,TAMIL NADU,VELLORE,12.9349,79.1468,BURGLARY,179
2003,TAMIL NADU,VELLORE,12.9349,79.1468,THEFT,591
2003,TAMIL NADU,VELLORE,12.9349,79.1468,RIOTS,84
2003,TAMIL NADU,VELLORE,12.9349,79.1468,CRIMINAL BREACH OF TRUST,9
2003,TAMIL NADU,VELLORE,12.9349,79.1468,CHEATING,43
2003,TAMIL NADU,VELLORE,12.9349,79.1468,COUNTERFIETING,5
2003,TAMIL NADU,VELLORE,12.9349,79.1468,HURT/GREVIOUS HURT,2431
2003,TAMIL NADU,VELLORE,12.9349,79.1468,DOWRY DEATHS,6
2003,TAMIL NADU,VELLORE,12.9349,79.1468,ASSAULT ON WOMEN WITH INTENT TO OUTRAGE HER MODESTY,43
2003,TAMIL NADU,VELLORE,12.9349,79.1468,CAUSING DEATH BY NEGLIGENCE,383
2004,TAMIL NADU,CHENNAI,13.0826,80.2707,MURDER,67
2004,TAMIL NADU,CHENNAI,13.0826,80.2707,ATTEMPT TO MURDER,210
2004,TAMIL NADU,CHENNAI,13.0826,80.2707,CULPABLE HOMICIDE NOT AMOUNTING TO MURDER,4
2004,TAMIL NADU,CHENNAI,13.0826,80.2707,RAPE,30
2004,TAMIL NADU,CHENNAI,13.0826,80.2707,OTHER RAPE,30
2004,TAMIL NADU,CHENNAI,13.0826,80.2707,KIDNAPPING & ABDUCTION,37
2004,TAMIL NADU,CHENNAI,13.0826,80.2707,KIDNAPPING AND ABDUCTION OF WOMEN AND GIRLS,20
2004,TAMIL NADU,CHENNAI,13.0826,80.2707,KIDNAPPING AND ABDUCTION OF OTHERS,17
2004,TAMIL NADU,CHENNAI,13.0826,80.2707,DACOITY,4
2004,TAMIL NADU,CHENNAI,13.0826,80.2707,ROBBERY,47
2004,TAMIL NADU,CHENNAI,13.0826,80.2707,BURGLARY,430
2004,TAMIL NADU,CHENNAI,13.0826,80.2707,THEFT,3263
2004,TAMIL NADU,CHENNAI,13.0826,80.2707,RIOTS,33
2004,TAMIL NADU,CHENNAI,13.0826,80.2707,CRIMINAL BREACH OF TRUST,25
2004,TAMIL NADU,CHENNAI,13.0826,80.2707,CHEATING,359
2004,TAMIL NADU,CHENNAI,13.0826,80.2707,COUNTERFIETING,3
2004,TAMIL NADU,CHENNAI,13.0826,80.2707,HURT/GREVIOUS HURT,667
2004,TAMIL NADU,CHENNAI,13.0826,80.2707,DOWRY DEATHS,23
2004,TAMIL NADU,CHENNAI,13.0826,80.2707,ASSAULT ON WOMEN WITH INTENT TO OUTRAGE HER MODESTY,55
2004,TAMIL NADU,CHENNAI,13.0826,80.2707,CAUSING DEATH BY NEGLIGENCE,570
2004,TAMIL NADU,COIMBATORE,11.0168,76.9558,MURDER,64
2004,TAMIL NADU,COIMBATORE,11.0168,76.9558,ATTEMPT TO MURDER,43
2004,TAMIL NADU,COIMBATORE,11.0168,76.9558,CULPABLE HOMICIDE NOT AMOUNTING TO MURDER,0
2004,TAMIL NADU,COIMBATORE,11.0168,76.9558,RAPE,23
2004,TAMIL NADU,COIMBATORE,11.0168,76.9558,OTHER RAPE,23
2004,TAMIL NADU,COIMBATORE,11.0168,76.9558,KIDNAPPING & ABDUCTION,25
2004,TAMIL NADU,COIMBATORE,11.0168,76.9558,KIDNAPPING AND ABDUCTION OF WOMEN AND GIRLS,25
2004,TAMIL NADU,COIMBATORE,11.0168,76.9558,KIDNAPPING AND ABDUCTION OF OTHERS,0
2004,TAMIL NADU,COIMBATORE,11.0168,76.9558,DACOITY,6
2004,TAMIL NADU,COIMBATORE,11.0168,76.9558,ROBBERY,31
2004,TAMIL NADU,COIMBATORE,11.0168,76.9558,BURGLARY,256
2004,TAMIL NADU,COIMBATORE,11.0168,76.9558,THEFT,1171
2004,TAMIL NADU,COIMBATORE,11.0168,76.9558,RIOTS,295
2004,TAMIL NADU,COIMBATORE,11.0168,76.9558,CRIMINAL BREACH OF TRUST,20
2004,TAMIL NADU,COIMBATORE,11.0168,76.9558,CHEATING,100
2004,TAMIL NADU,COIMBATORE,11.0168,76.9558,COUNTERFIETING,2
2004,TAMIL NADU,COIMBATORE,11.0168,76.9558,HURT/GREVIOUS HURT,3012
2004,TAMIL NADU,COIMBATORE,11.0168,76.9558,DOWRY DEATHS,7
2004,TAMIL NADU,COIMBATORE,11.0168,76.9558,ASSAULT ON WOMEN WITH INTENT TO OUTRAGE HER MODESTY,65
2004,TAMIL NADU,COIMBATORE,11.0168,76.9558,CAUSING DEATH BY NEGLIGENCE,728
2004,TAMIL NADU,SALEM,11.6643,78.146,MURDER,73
2004,TAMIL NADU,SALEM,11.6643,78.146,ATTEMPT TO MURDER,178
2004,TAMIL NADU,SALEM,11.6643,78.146,CULPABLE HOMICIDE NOT AMOUNTING TO MURDER,1
2004,TAMIL NADU,SALEM,11.6643,78.146,RAPE,56
2004,TAMIL NADU,SALEM,11.6643,78.146,OTHER RAPE,56
2004,TAMIL NADU,SALEM,11.6643,78.146,KIDNAPPING & ABDUCTION,102
2004,TAMIL NADU,SALEM,11.6643,78.146,KIDNAPPING AND ABDUCTION OF WOMEN AND GIRLS,101
2004,TAMIL NADU,SALEM,11.6643,78.146,KIDNAPPING AND ABDUCTION OF OTHERS,1
2004,TAMIL NADU,SALEM,11.6643,78.146,DACOITY,6
2004,TAMIL NADU,SALEM,11.6643,78.146,ROBBERY,28
2004,TAMIL NADU,SALEM,11.6643,78.146,BURGLARY,92
2004,TAMIL NADU,SALEM,11.6643,78.146,THEFT,245
2004,TAMIL NADU,SALEM,11.6643,78.146,RIOTS,160
2004,TAMIL NADU,SALEM,11.6643,78.146,CRIMINAL BREACH OF TRUST,4
2004,TAMIL NADU,SALEM,11.6643,78.146,CHEATING,113
2004,TAMIL NADU,SALEM,11.6643,78.146,COUNTERFIETING,2
2004,TAMIL NADU,SALEM,11.6643,78.146,HURT/GREVIOUS HURT,2153
2004,TAMIL NADU,SALEM,11.6643,78.146,DOWRY DEATHS,12
2004,TAMIL NADU,SALEM,11.6643,78.146,ASSAULT ON WOMEN WITH INTENT TO OUTRAGE HER MODESTY,337
2004,TAMIL NADU,SALEM,11.6643,78.146,CAUSING DEATH BY NEGLIGENCE,322
2004,TAMIL NADU,MADURAI,9.9252,78.1198,MURDER,57
2004,TAMIL NADU,MADURAI,9.9252,78.1198,ATTEMPT TO MURDER,45
2004,TAMIL NADU,MADURAI,9.9252,78.1198,CULPABLE HOMICIDE NOT AMOUNTING TO MURDER,0
2004,TAMIL NADU,MADURAI,9.9252,78.1198,RAPE,29
2004,TAMIL NADU,MADURAI,9.9252,78.1198,OTHER RAPE,29
2004,TAMIL NADU,MADURAI,9.9252,78.1198,KIDNAPPING & ABDUCTION,29
2004,TAMIL NADU,MADURAI,9.9252,78.1198,KIDNAPPING AND ABDUCTION OF WOMEN AND GIRLS,29
2004,TAMIL NADU,MADURAI,9.9252,78.1198,KIDNAPPING AND ABDUCTION OF OTHERS,0
2004,TAMIL NADU,MADURAI,9.9252,78.1198,DACOITY,2
2004,TAMIL NADU,MADURAI,9.9252,78.1198,ROBBERY,35
2004,TAMIL NADU,MADURAI,9.9252,78.1198,BURGLARY,131
2004,TAMIL NADU,MADURAI,9.9252,78.1198,THEFT,526
2004,TAMIL NADU,MADURAI,9.9252,78.1198,RIOTS,102
2004,TAMIL NADU,MADURAI,9.9252,78.1198,CRIMINAL BREACH OF TRUST,8
2004,TAMIL NADU,MADURAI,9.9252,78.1198,CHEATING,68
2004,TAMIL NADU,MADURAI,9.9252,78.1198,COUNTERFIETING,3
2004,TAMIL NADU,MADURAI,9.9252,78.1198,HURT/GREVIOUS HURT,1329
2004,TAMIL NADU,MADURAI,9.9252,78.1198,DOWRY DEATHS,7
2004,TAMIL NADU,MADURAI,9.9252,78.1198,ASSAULT ON WOMEN WITH INTENT TO OUTRAGE HER MODESTY,70
2004,TAMIL NADU,MADURAI,9.9252,78.1198,CAUSING DEATH BY NEGLIGENCE,312
2004,TAMIL NADU,THIRUNELVELI,8.7412,77.6946,MURDER,63
2004,TAMIL NADU,THIRUNELVELI,8.7412,77.6946,ATTEMPT TO MURDER,92
2004,TAMIL NADU,THIRUNELVELI,8.7412,77.6946,CULPABLE HOMICIDE NOT AMOUNTING TO MURDER,0
2004,TAMIL NADU,THIRUNELVELI,8.7412,77.6946,RAPE,30
2004,TAMIL NADU,THIRUNELVELI,8.7412,77.6946,OTHER RAPE,30
2004,TAMIL NADU,THIRUNELVELI,8.7412,77.6946,KIDNAPPING & ABDUCTION,21
2004,TAMIL NADU,THIRUNELVELI,8.7412,77.6946,KIDNAPPING AND ABDUCTION OF WOMEN AND GIRLS,18
2004,TAMIL NADU,THIRUNELVELI,8.7412,77.6946,KIDNAPPING AND ABDUCTION OF OTHERS,3
2004,TAMIL NADU,THIRUNELVELI,8.7412,77.6946,DACOITY,2
2004,TAMIL NADU,THIRUNELVELI,8.7412,77.6946,ROBBERY,13
2004,TAMIL NADU,THIRUNELVELI,8.7412,77.6946,BURGLARY,94
2004,TAMIL NADU,THIRUNELVELI,8.7412,77.6946,THEFT,460
2004,TAMIL NADU,THIRUNELVELI,8.7412,77.6946,RIOTS,4
2004,TAMIL NADU,THIRUNELVELI,8.7412,77.6946,CRIMINAL BREACH OF TRUST,5
2004,TAMIL NADU,THIRUNELVELI,8.7412,77.6946,CHEATING,34
2004,TAMIL NADU,THIRUNELVELI,8.7412,77.6946,COUNTERFIETING,2
2004,TAMIL NADU,THIRUNELVELI,8.7412,77.6946,HURT/GREVIOUS HURT,752
2004,TAMIL NADU,THIRUNELVELI,8.7412,77.6946,DOWRY DEATHS,5
2004,TAMIL NADU,THIRUNELVELI,8.7412,77.6946,ASSAULT ON WOMEN WITH INTENT TO OUTRAGE HER MODESTY,88
2004,TAMIL NADU,THIRUNELVELI,8.7412,77.6946,CAUSING DEATH BY NEGLIGENCE,247
2004,TAMIL NADU,VELLORE,12.9349,79.1468,MURDER,60
2004,TAMIL NADU,VELLORE,12.9349,79.1468,ATTEMPT TO MURDER,36
2004,TAMIL NADU,VELLORE,12.9349,79.1468,CULPABLE HOMICIDE NOT AMOUNTING TO MURDER,3
2004,TAMIL NADU,VELLORE,12.9349,79.1468,RAPE,17
2004,TAMIL NADU,VELLORE,12.9349,79.1468,OTHER RAPE,17
2004,TAMIL NADU,VELLORE,12.9349,79.1468,KIDNAPPING & ABDUCTION,30
2004,TAMIL NADU,VELLORE,12.9349,79.1468,KIDNAPPING AND ABDUCTION OF WOMEN AND GIRLS,22
2004,TAMIL NADU,VELLORE,12.9349,79.1468,KIDNAPPING AND ABDUCTION OF OTHERS,8
2004,TAMIL NADU,VELLORE,12.9349,79.1468,DACOITY,0
2004,TAMIL NADU,VELLORE,12.9349,79.1468,ROBBERY,6
2004,TAMIL NADU,VELLORE,12.9349,79.1468,BURGLARY,173
2004,TAMIL NADU,VELLORE,12.9349,79.1468,THEFT,575
2004,TAMIL NADU,VELLORE,12.9349,79.1468,RIOTS,244
2004,TAMIL NADU,VELLORE,12.9349,79.1468,CRIMINAL BREACH OF TRUST,9
2004,TAMIL NADU,VELLORE,12.9349,79.1468,CHEATING,66
2004,TAMIL NADU,VELLORE,12.9349,79.1468,COUNTERFIETING,3
2004,TAMIL NADU,VELLORE,12.9349,79.1468,HURT/GREVIOUS HURT,2087
2004,TAMIL NADU,VELLORE,12.9349,79.1468,DOWRY DEATHS,6
2004,TAMIL NADU,VELLORE,12.9349,79.1468,ASSAULT ON WOMEN WITH INTENT TO OUTRAGE HER MODESTY,46
2004,TAMIL NADU,VELLORE,12.9349,79.1468,CAUSING DEATH BY NEGLIGENCE,369
2005,TAMIL NADU,CHENNAI,13.0826,80.2707,MURDER,123
2005,TAMIL NADU,CHENNAI,13.0826,80.2707,ATTEMPT TO MURDER,175
2005,TAMIL NADU,CHENNAI,13.0826,80.2707,CULPABLE HOMICIDE NOT AMOUNTING TO MURDER,4
2005,TAMIL NADU,CHENNAI,13.0826,80.2707,RAPE,43
2005,TAMIL NADU,CHENNAI,13.0826,80.2707,OTHER RAPE,43
2005,TAMIL NADU,CHENNAI,13.0826,80.2707,KIDNAPPING & ABDUCTION,55
2005,TAMIL NADU,CHENNAI,13.0826,80.2707,KIDNAPPING AND ABDUCTION OF WOMEN AND GIRLS,31
2005,TAMIL NADU,CHENNAI,13.0826,80.2707,KIDNAPPING AND ABDUCTION OF OTHERS,24
2005,TAMIL NADU,CHENNAI,13.0826,80.2707,DACOITY,5
2005,TAMIL NADU,CHENNAI,13.0826,80.2707,ROBBERY,59
2005,TAMIL NADU,CHENNAI,13.0826,80.2707,BURGLARY,597
2005,TAMIL NADU,CHENNAI,13.0826,80.2707,THEFT,3063
2005,TAMIL NADU,CHENNAI,13.0826,80.2707,RIOTS,78
2005,TAMIL NADU,CHENNAI,13.0826,80.2707,CRIMINAL BREACH OF TRUST,8
2005,TAMIL NADU,CHENNAI,13.0826,80.2707,CHEATING,53
2005,TAMIL NADU,CHENNAI,13.0826,80.2707,COUNTERFIETING,6
2005,TAMIL NADU,CHENNAI,13.0826,80.2707,HURT/GREVIOUS HURT,1124
2005,TAMIL NADU,CHENNAI,13.0826,80.2707,DOWRY DEATHS,30
2005,TAMIL NADU,CHENNAI,13.0826,80.2707,ASSAULT ON WOMEN WITH INTENT TO OUTRAGE HER MODESTY,82
2005,TAMIL NADU,CHENNAI,13.0826,80.2707,CAUSING DEATH BY NEGLIGENCE,1041
2005,TAMIL NADU,COIMBATORE,11.0168,76.9558,MURDER,87
2005,TAMIL NADU,COIMBATORE,11.0168,76.9558,ATTEMPT TO MURDER,122
2005,TAMIL NADU,COIMBATORE,11.0168,76.9558,CULPABLE HOMICIDE NOT AMOUNTING TO MURDER,0
2005,TAMIL NADU,COIMBATORE,11.0168,76.9558,RAPE,33
2005,TAMIL NADU,COIMBATORE,11.0168,76.9558,OTHER RAPE,33
2005,TAMIL NADU,COIMBATORE,11.0168,76.9558,KIDNAPPING & ABDUCTION,47
2005,TAMIL NADU,COIMBATORE,11.0168,76.9558,KIDNAPPING AND ABDUCTION OF WOMEN AND GIRLS,18
2005,TAMIL NADU,COIMBATORE,11.0168,76.9558,KIDNAPPING AND ABDUCTION OF OTHERS,29
2005,TAMIL NADU,COIMBATORE,11.0168,76.9558,DACOITY,4
2005,TAMIL NADU,COIMBATORE,11.0168,76.9558,ROBBERY,35
2005,TAMIL NADU,COIMBATORE,11.0168,76.9558,BURGLARY,333
2005,TAMIL NADU,COIMBATORE,11.0168,76.9558,THEFT,1355
2005,TAMIL NADU,COIMBATORE,11.0168,76.9558,RIOTS,117
2005,TAMIL NADU,COIMBATORE,11.0168,76.9558,CRIMINAL BREACH OF TRUST,15
2005,TAMIL NADU,COIMBATORE,11.0168,76.9558,CHEATING,168
2005,TAMIL NADU,COIMBATORE,11.0168,76.9558,COUNTERFIETING,3
2005,TAMIL NADU,COIMBATORE,11.0168,76.9558,HURT/GREVIOUS HURT,3608
2005,TAMIL NADU,COIMBATORE,11.0168,76.9558,DOWRY DEATHS,8
2005,TAMIL NADU,COIMBATORE,11.0168,76.9558,ASSAULT ON WOMEN WITH INTENT TO OUTRAGE HER MODESTY,165
2005,TAMIL NADU,COIMBATORE,11.0168,76.9558,CAUSING DEATH BY NEGLIGENCE,819
2005,TAMIL NADU,SALEM,11.6643,78.146,MURDER,53
2005,TAMIL NADU,SALEM,11.6643,78.146,ATTEMPT TO MURDER,172
2005,TAMIL NADU,SALEM,11.6643,78.146,CULPABLE HOMICIDE NOT AMOUNTING TO MURDER,0
2005,TAMIL NADU,SALEM,11.6643,78.146,RAPE,52
2005,TAMIL NADU,SALEM,11.6643,78.146,OTHER RAPE,52
2005,TAMIL NADU,SALEM,11.6643,78.146,KIDNAPPING & ABDUCTION,107
2005,TAMIL NADU,SALEM,11.6643,78.146,KIDNAPPING AND ABDUCTION OF WOMEN AND GIRLS,106
2005,TAMIL NADU,SALEM,11.6643,78.146,KIDNAPPING AND ABDUCTION OF OTHERS,1
2005,TAMIL NADU,SALEM,11.6643,78.146,DACOITY,5
2005,TAMIL NADU,SALEM,11.6643,78.146,ROBBERY,16
2005,TAMIL NADU,SALEM,11.6643,78.146,BURGLARY,112
2005,TAMIL NADU,SALEM,11.6643,78.146,THEFT,289
2005,TAMIL NADU,SALEM,11.6643,78.146,RIOTS,195
2005,TAMIL NADU,SALEM,11.6643,78.146,CRIMINAL BREACH OF TRUST,3
2005,TAMIL NADU,SALEM,11.6643,78.146,CHEATING,71
2005,TAMIL NADU,SALEM,11.6643,78.146,COUNTERFIETING,1
2005,TAMIL NADU,SALEM,11.6643,78.146,HURT/GREVIOUS HURT,2590
2005,TAMIL NADU,SALEM,11.6643,78.146,DOWRY DEATHS,14
2005,TAMIL NADU,SALEM,11.6643,78.146,ASSAULT ON WOMEN WITH INTENT TO OUTRAGE HER MODESTY,218
2005,TAMIL NADU,SALEM,11.6643,78.146,CAUSING DEATH BY NEGLIGENCE,338
2005,TAMIL NADU,MADURAI,9.9252,78.1198,MURDER,36
2005,TAMIL NADU,MADURAI,9.9252,78.1198,ATTEMPT TO MURDER,70
2005,TAMIL NADU,MADURAI,9.9252,78.1198,CULPABLE HOMICIDE NOT AMOUNTING TO MURDER,0
2005,TAMIL NADU,MADURAI,9.9252,78.1198,RAPE,24
2005,TAMIL NADU,MADURAI,9.9252,78.1198,OTHER RAPE,24
2005,TAMIL NADU,MADURAI,9.9252,78.1198,KIDNAPPING & ABDUCTION,36
2005,TAMIL NADU,MADURAI,9.9252,78.1198,KIDNAPPING AND ABDUCTION OF WOMEN AND GIRLS,32
2005,TAMIL NADU,MADURAI,9.9252,78.1198,KIDNAPPING AND ABDUCTION OF OTHERS,4
2005,TAMIL NADU,MADURAI,9.9252,78.1198,DACOITY,2
2005,TAMIL NADU,MADURAI,9.9252,78.1198,ROBBERY,19
2005,TAMIL NADU,MADURAI,9.9252,78.1198,BURGLARY,100
2005,TAMIL NADU,MADURAI,9.9252,78.1198,THEFT,440
2005,TAMIL NADU,MADURAI,9.9252,78.1198,RIOTS,89
2005,TAMIL NADU,MADURAI,9.9252,78.1198,CRIMINAL BREACH OF TRUST,7
2005,TAMIL NADU,MADURAI,9.9252,78.1198,CHEATING,62
2005,TAMIL NADU,MADURAI,9.9252,78.1198,COUNTERFIETING,0
2005,TAMIL NADU,MADURAI,9.9252,78.1198,HURT/GREVIOUS HURT,1290
2005,TAMIL NADU,MADURAI,9.9252,78.1198,DOWRY DEATHS,4
2005,TAMIL NADU,MADURAI,9.9252,78.1198,ASSAULT ON WOMEN WITH INTENT TO OUTRAGE HER MODESTY,57
2005,TAMIL NADU,MADURAI,9.9252,78.1198,CAUSING DEATH BY NEGLIGENCE,286
2005,TAMIL NADU,THIRUNELVELI,8.7412,77.6946,MURDER,75
2005,TAMIL NADU,THIRUNELVELI,8.7412,77.6946,ATTEMPT TO MURDER,108
2005,TAMIL NADU,THIRUNELVELI,8.7412,77.6946,CULPABLE HOMICIDE NOT AMOUNTING TO MURDER,4
2005,TAMIL NADU,THIRUNELVELI,8.7412,77.6946,RAPE,27
2005,TAMIL NADU,THIRUNELVELI,8.7412,77.6946,OTHER RAPE,27
2005,TAMIL NADU,THIRUNELVELI,8.7412,77.6946,KIDNAPPING & ABDUCTION,26
2005,TAMIL NADU,THIRUNELVELI,8.7412,77.6946,KIDNAPPING AND ABDUCTION OF WOMEN AND GIRLS,26
2005,TAMIL NADU,THIRUNELVELI,8.7412,77.6946,KIDNAPPING AND ABDUCTION OF OTHERS,0
2005,TAMIL NADU,THIRUNELVELI,8.7412,77.6946,DACOITY,3
2005,TAMIL NADU,THIRUNELVELI,8.7412,77.6946,ROBBERY,9
2005,TAMIL NADU,THIRUNELVELI,8.7412,77.6946,BURGLARY,83
2005,TAMIL NADU,THIRUNELVELI,8.7412,77.6946,THEFT,374
2005,TAMIL NADU,THIRUNELVELI,8.7412,77.6946,RIOTS,0
2005,TAMIL NADU,THIRUNELVELI,8.7412,77.6946,CRIMINAL BREACH OF TRUST,6
2005,TAMIL NADU,THIRUNELVELI,8.7412,77.6946,CHEATING,30
2005,TAMIL NADU,THIRUNELVELI,8.7412,77.6946,COUNTERFIETING,2
2005,TAMIL NADU,THIRUNELVELI,8.7412,77.6946,HURT/GREVIOUS HURT,1267
2005,TAMIL NADU,THIRUNELVELI,8.7412,77.6946,DOWRY DEATHS,5
2005,TAMIL NADU,THIRUNELVELI,8.7412,77.6946,ASSAULT ON WOMEN WITH INTENT TO OUTRAGE HER MODESTY,123
2005,TAMIL NADU,THIRUNELVELI,8.7412,77.6946,CAUSING DEATH BY NEGLIGENCE,230
2005,TAMIL NADU,VELLORE,12.9349,79.1468,MURDER,49
2005,TAMIL NADU,VELLORE,12.9349,79.1468,ATTEMPT TO MURDER,32
2005,TAMIL NADU,VELLORE,12.9349,79.1468,CULPABLE HOMICIDE NOT AMOUNTING TO MURDER,2
2005,TAMIL NADU,VELLORE,12.9349,79.1468,RAPE,23
2005,TAMIL NADU,VELLORE,12.9349,79.1468,OTHER RAPE,22
2005,TAMIL NADU,VELLORE,12.9349,79.1468,KIDNAPPING & ABDUCTION,37
2005,TAMIL NADU,VELLORE,12.9349,79.1468,KIDNAPPING AND ABDUCTION OF WOMEN AND GIRLS,23
2005,TAMIL NADU,VELLORE,12.9349,79.1468,KIDNAPPING AND ABDUCTION OF OTHERS,14
2005,TAMIL NADU,VELLORE,12.9349,79.1468,DACOITY,1
2005,TAMIL NADU,VELLORE,12.9349,79.1468,ROBBERY,12
2005,TAMIL NADU,VELLORE,12.9349,79.1468,BURGLARY,151
2005,TAMIL NADU,VELLORE,12.9349,79.1468,THEFT,577
2005,TAMIL NADU,VELLORE,12.9349,79.1468,RIOTS,26
2005,TAMIL NADU,VELLORE,12.9349,79.1468,CRIMINAL BREACH OF TRUST,8
2005,TAMIL NADU,VELLORE,12.9349,79.1468,CHEATING,133
2005,TAMIL NADU,VELLORE,12.9349,79.1468,COUNTERFIETING,4
2005,TAMIL NADU,VELLORE,12.9349,79.1468,HURT/GREVIOUS HURT,2229
2005,TAMIL NADU,VELLORE,12.9349,79.1468,DOWRY DEATHS,12
2005,TAMIL NADU,VELLORE,12.9349,79.1468,ASSAULT ON WOMEN WITH INTENT TO OUTRAGE HER MODESTY,54
2005,TAMIL NADU,VELLORE,12.9349,79.1468,CAUSING DEATH BY NEGLIGENCE,357
2006,TAMIL NADU,CHENNAI,13.0826,80.2707,MURDER,131
2006,TAMIL NADU,CHENNAI,13.0826,80.2707,ATTEMPT TO MURDER,193
2006,TAMIL NADU,CHENNAI,13.0826,80.2707,CULPABLE HOMICIDE NOT AMOUNTING TO MURDER,5
2006,TAMIL NADU,CHENNAI,13.0826,80.2707,RAPE,29
2006,TAMIL NADU,CHENNAI,13.0826,80.2707,OTHER RAPE,29
2006,TAMIL NADU,CHENNAI,13.0826,80.2707,KIDNAPPING & ABDUCTION,59
2006,TAMIL NADU,CHENNAI,13.0826,80.2707,KIDNAPPING AND ABDUCTION OF WOMEN AND GIRLS,41
2006,TAMIL NADU,CHENNAI,13.0826,80.2707,KIDNAPPING AND ABDUCTION OF OTHERS,18
2006,TAMIL NADU,CHENNAI,13.0826,80.2707,DACOITY,5
2006,TAMIL NADU,CHENNAI,13.0826,80.2707,ROBBERY,58
2006,TAMIL NADU,CHENNAI,13.0826,80.2707,BURGLARY,560
2006,TAMIL NADU,CHENNAI,13.0826,80.2707,THEFT,2363
2006,TAMIL NADU,CHENNAI,13.0826,80.2707,RIOTS,130
2006,TAMIL NADU,CHENNAI,13.0826,80.2707,CRIMINAL BREACH OF TRUST,14
2006,TAMIL NADU,CHENNAI,13.0826,80.2707,CHEATING,535
2006,TAMIL NADU,CHENNAI,13.0826,80.2707,COUNTERFIETING,14
2006,TAMIL NADU,CHENNAI,13.0826,80.2707,HURT/GREVIOUS HURT,1198
2006,TAMIL NADU,CHENNAI,13.0826,80.2707,DOWRY DEATHS,32
2006,TAMIL NADU,CHENNAI,13.0826,80.2707,ASSAULT ON WOMEN WITH INTENT TO OUTRAGE HER MODESTY,87
2006,TAMIL NADU,CHENNAI,13.0826,80.2707,CAUSING DEATH BY NEGLIGENCE,1330
2006,TAMIL NADU,COIMBATORE,11.0168,76.9558,MURDER,79
2006,TAMIL NADU,COIMBATORE,11.0168,76.9558,ATTEMPT TO MURDER,46
2006,TAMIL NADU,COIMBATORE,11.0168,76.9558,CULPABLE HOMICIDE NOT AMOUNTING TO MURDER,0
2006,TAMIL NADU,COIMBATORE,11.0168,76.9558,RAPE,18
2006,TAMIL NADU,COIMBATORE,11.0168,76.9558,OTHER RAPE,18
2006,TAMIL NADU,COIMBATORE,11.0168,76.9558,KIDNAPPING & ABDUCTION,36
2006,TAMIL NADU,COIMBATORE,11.0168,76.9558,KIDNAPPING AND ABDUCTION OF WOMEN AND GIRLS,20
2006,TAMIL NADU,COIMBATORE,11.0168,76.9558,KIDNAPPING AND ABDUCTION OF OTHERS,16
2006,TAMIL NADU,COIMBATORE,11.0168,76.9558,DACOITY,16
2006,TAMIL NADU,COIMBATORE,11.0168,76.9558,ROBBERY,25
2006,TAMIL NADU,COIMBATORE,11.0168,76.9558,BURGLARY,171
2006,TAMIL NADU,COIMBATORE,11.0168,76.9558,THEFT,952
2006,TAMIL NADU,COIMBATORE,11.0168,76.9558,RIOTS,91
2006,TAMIL NADU,COIMBATORE,11.0168,76.9558,CRIMINAL BREACH OF TRUST,12
2006,TAMIL NADU,COIMBATORE,11.0168,76.9558,CHEATING,88
2006,TAMIL NADU,COIMBATORE,11.0168,76.9558,COUNTERFIETING,2
2006,TAMIL NADU,COIMBATORE,11.0168,76.9558,HURT/GREVIOUS HURT,567
2006,TAMIL NADU,COIMBATORE,11.0168,76.9558,DOWRY DEATHS,8
2006,TAMIL NADU,COIMBATORE,11.0168,76.9558,ASSAULT ON WOMEN WITH INTENT TO OUTRAGE HER MODESTY,60
2006,TAMIL NADU,COIMBATORE,11.0168,76.9558,CAUSING DEATH BY NEGLIGENCE,807
2006,TAMIL NADU,SALEM,11.6643,78.146,MURDER,50
2006,TAMIL NADU,SALEM,11.6643,78.146,ATTEMPT TO MURDER,29
2006,TAMIL NADU,SALEM,11.6643,78.146,CULPABLE HOMICIDE NOT AMOUNTING TO MURDER,0
2006,TAMIL NADU,SALEM,11.6643,78.146,RAPE,21
2006,TAMIL NADU,SALEM,11.6643,78.146,OTHER RAPE,21
2006,TAMIL NADU,SALEM,11.6643,78.146,KIDNAPPING & ABDUCTION,45
2006,TAMIL NADU,SALEM,11.6643,78.146,KIDNAPPING AND ABDUCTION OF WOMEN AND GIRLS,41
2006,TAMIL NADU,SALEM,11.6643,78.146,KIDNAPPING AND ABDUCTION OF OTHERS,4
2006,TAMIL NADU,SALEM,11.6643,78.146,DACOITY,4
2006,TAMIL NADU,SALEM,11.6643,78.146,ROBBERY,17
2006,TAMIL NADU,SALEM,11.6643,78.146,BURGLARY,46
2006,TAMIL NADU,SALEM,11.6643,78.146,THEFT,160
2006,TAMIL NADU,SALEM,11.6643,78.146,RIOTS,110
2006,TAMIL NADU,SALEM,11.6643,78.146,CRIMINAL BREACH OF TRUST,1
2006,TAMIL NADU,SALEM,11.6643,78.146,CHEATING,17
2006,TAMIL NADU,SALEM,11.6643,78.146,COUNTERFIETING,2
2006,TAMIL NADU,SALEM,11.6643,78.146,HURT/GREVIOUS HURT,771
2006,TAMIL NADU,SALEM,11.6643,78.146,DOWRY DEATHS,7
2006,TAMIL NADU,SALEM,11.6643,78.146,ASSAULT ON WOMEN WITH INTENT TO OUTRAGE HER MODESTY,71
2006,TAMIL NADU,SALEM,11.6643,78.146,CAUSING DEATH BY NEGLIGENCE,380
2006,TAMIL NADU,MADURAI,9.9252,78.1198,MURDER,36
2006,TAMIL NADU,MADURAI,9.9252,78.1198,ATTEMPT TO MURDER,33
2006,TAMIL NADU,MADURAI,9.9252,78.1198,CULPABLE HOMICIDE NOT AMOUNTING TO MURDER,1
2006,TAMIL NADU,MADURAI,9.9252,78.1198,RAPE,28
2006,TAMIL NADU,MADURAI,9.9252,78.1198,OTHER RAPE,28
2006,TAMIL NADU,MADURAI,9.9252,78.1198,KIDNAPPING & ABDUCTION,60
2006,TAMIL NADU,MADURAI,9.9252,78.1198,KIDNAPPING AND ABDUCTION OF WOMEN AND GIRLS,25
2006,TAMIL NADU,MADURAI,9.9252,78.1198,KIDNAPPING AND ABDUCTION OF OTHERS,35
2006,TAMIL NADU,MADURAI,9.9252,78.1198,DACOITY,4
2006,TAMIL NADU,MADURAI,9.9252,78.1198,ROBBERY,24
2006,TAMIL NADU,MADURAI,9.9252,78.1198,BURGLARY,99
2006,TAMIL NADU,MADURAI,9.9252,78.1198,THEFT,319
2006,TAMIL NADU,MADURAI,9.9252,78.1198,RIOTS,100
2006,TAMIL NADU,MADURAI,9.9252,78.1198,CRIMINAL BREACH OF TRUST,10
2006,TAMIL NADU,MADURAI,9.9252,78.1198,CHEATING,86
2006,TAMIL NADU,MADURAI,9.9252,78.1198,COUNTERFIETING,3
2006,TAMIL NADU,MADURAI,9.9252,78.1198,HURT/GREVIOUS HURT,373
2006,TAMIL NADU,MADURAI,9.9252,78.1198,DOWRY DEATHS,2
2006,TAMIL NADU,MADURAI,9.9252,78.1198,ASSAULT ON WOMEN WITH INTENT TO OUTRAGE HER MODESTY,49
2006,TAMIL NADU,MADURAI,9.9252,78.1198,CAUSING DEATH BY NEGLIGENCE,314
2006,TAMIL NADU,THIRUNELVELI,8.7412,77.6946,MURDER,58
2006,TAMIL NADU,THIRUNELVELI,8.7412,77.6946,ATTEMPT TO MURDER,146
2006,TAMIL NADU,THIRUNELVELI,8.7412,77.6946,CULPABLE HOMICIDE NOT AMOUNTING TO MURDER,2
2006,TAMIL NADU,THIRUNELVELI,8.7412,77.6946,RAPE,42
2006,TAMIL NADU,THIRUNELVELI,8.7412,77.6946,OTHER RAPE,42
2006,TAMIL NADU,THIRUNELVELI,8.7412,77.6946,KIDNAPPING & ABDUCTION,31
2006,TAMIL NADU,THIRUNELVELI,8.7412,77.6946,KIDNAPPING AND ABDUCTION OF WOMEN AND GIRLS,31
2006,TAMIL NADU,THIRUNELVELI,8.7412,77.6946,KIDNAPPING AND ABDUCTION OF OTHERS,0
2006,TAMIL NADU,THIRUNELVELI,8.7412,77.6946,DACOITY,1
2006,TAMIL NADU,THIRUNELVELI,8.7412,77.6946,ROBBERY,26
2006,TAMIL NADU,THIRUNELVELI,8.7412,77.6946,BURGLARY,121
2006,TAMIL NADU,THIRUNELVELI,8.7412,77.6946,THEFT,371
2006,TAMIL NADU,THIRUNELVELI,8.7412,77.6946,RIOTS,3
2006,TAMIL NADU,THIRUNELVELI,8.7412,77.6946,CRIMINAL BREACH OF TRUST,7
2006,TAMIL NADU,THIRUNELVELI,8.7412,77.6946,CHEATING,27
2006,TAMIL NADU,THIRUNELVELI,8.7412,77.6946,COUNTERFIETING,2
2006,TAMIL NADU,THIRUNELVELI,8.7412,77.6946,HURT/GREVIOUS HURT,51
2006,TAMIL NADU,THIRUNELVELI,8.7412,77.6946,DOWRY DEATHS,632
2006,TAMIL NADU,THIRUNELVELI,8.7412,77.6946,ASSAULT ON WOMEN WITH INTENT TO OUTRAGE HER MODESTY,86
2006,TAMIL NADU,THIRUNELVELI,8.7412,77.6946,CAUSING DEATH BY NEGLIGENCE,291
2006,TAMIL NADU,VELLORE,12.9349,79.1468,MURDER,80
2006,TAMIL NADU,VELLORE,12.9349,79.1468,ATTEMPT TO MURDER,48
2006,TAMIL NADU,VELLORE,12.9349,79.1468,CULPABLE HOMICIDE NOT AMOUNTING TO MURDER,4
2006,TAMIL NADU,VELLORE,12.9349,79.1468,RAPE,27
2006,TAMIL NADU,VELLORE,12.9349,79.1468,OTHER RAPE,27
2006,TAMIL NADU,VELLORE,12.9349,79.1468,KIDNAPPING & ABDUCTION,47
2006,TAMIL NADU,VELLORE,12.9349,79.1468,KIDNAPPING AND ABDUCTION OF WOMEN AND GIRLS,37
2006,TAMIL NADU,VELLORE,12.9349,79.1468,KIDNAPPING AND ABDUCTION OF OTHERS,10
2006,TAMIL NADU,VELLORE,12.9349,79.1468,DACOITY,2
2006,TAMIL NADU,VELLORE,12.9349,79.1468,ROBBERY,20
2006,TAMIL NADU,VELLORE,12.9349,79.1468,BURGLARY,173
2006,TAMIL NADU,VELLORE,12.9349,79.1468,THEFT,462
2006,TAMIL NADU,VELLORE,12.9349,79.1468,RIOTS,20
2006,TAMIL NADU,VELLORE,12.9349,79.1468,CRIMINAL BREACH OF TRUST,2
2006,TAMIL NADU,VELLORE,12.9349,79.1468,CHEATING,40
2006,TAMIL NADU,VELLORE,12.9349,79.1468,COUNTERFIETING,1
2006,TAMIL NADU,VELLORE,12.9349,79.1468,HURT/GREVIOUS HURT,659
2006,TAMIL NADU,VELLORE,12.9349,79.1468,DOWRY DEATHS,7
2006,TAMIL NADU,VELLORE,12.9349,79.1468,ASSAULT ON WOMEN WITH INTENT TO OUTRAGE HER MODESTY,49
2006,TAMIL NADU,VELLORE,12.9349,79.1468,CAUSING DEATH BY NEGLIGENCE,421
2007,TAMIL NADU,CHENNAI,13.0826,80.2707,MURDER,145
2007,TAMIL NADU,CHENNAI,13.0826,80.2707,ATTEMPT TO MURDER,247
2007,TAMIL NADU,CHENNAI,13.0826,80.2707,CULPABLE HOMICIDE NOT AMOUNTING TO MURDER,4
2007,TAMIL NADU,CHENNAI,13.0826,80.2707,RAPE,46
2007,TAMIL NADU,CHENNAI,13.0826,80.2707,OTHER RAPE,46
2007,TAMIL NADU,CHENNAI,13.0826,80.2707,KIDNAPPING & ABDUCTION,83
2007,TAMIL NADU,CHENNAI,13.0826,80.2707,KIDNAPPING AND ABDUCTION OF WOMEN AND GIRLS,59
2007,TAMIL NADU,CHENNAI,13.0826,80.2707,KIDNAPPING AND ABDUCTION OF OTHERS,24
2007,TAMIL NADU,CHENNAI,13.0826,80.2707,DACOITY,8
2007,TAMIL NADU,CHENNAI,13.0826,80.2707,ROBBERY,74
2007,TAMIL NADU,CHENNAI,13.0826,80.2707,BURGLARY,654
2007,TAMIL NADU,CHENNAI,13.0826,80.2707,THEFT,2117
2007,TAMIL NADU,CHENNAI,13.0826,80.2707,RIOTS,115
2007,TAMIL NADU,CHENNAI,13.0826,80.2707,CRIMINAL BREACH OF TRUST,14
2007,TAMIL NADU,CHENNAI,13.0826,80.2707,CHEATING,433
2007,TAMIL NADU,CHENNAI,13.0826,80.2707,COUNTERFIETING,9
2007,TAMIL NADU,CHENNAI,13.0826,80.2707,HURT/GREVIOUS HURT,1224
2007,TAMIL NADU,CHENNAI,13.0826,80.2707,DOWRY DEATHS,43
2007,TAMIL NADU,CHENNAI,13.0826,80.2707,ASSAULT ON WOMEN WITH INTENT TO OUTRAGE HER MODESTY,108
2007,TAMIL NADU,CHENNAI,13.0826,80.2707,CAUSING DEATH BY NEGLIGENCE,1125
2007,TAMIL NADU,COIMBATORE,11.0168,76.9558,MURDER,87
2007,TAMIL NADU,COIMBATORE,11.0168,76.9558,ATTEMPT TO MURDER,62
2007,TAMIL NADU,COIMBATORE,11.0168,76.9558,CULPABLE HOMICIDE NOT AMOUNTING TO MURDER,1
2007,TAMIL NADU,COIMBATORE,11.0168,76.9558,RAPE,16
2007,TAMIL NADU,COIMBATORE,11.0168,76.9558,OTHER RAPE,16
2007,TAMIL NADU,COIMBATORE,11.0168,76.9558,KIDNAPPING & ABDUCTION,84
2007,TAMIL NADU,COIMBATORE,11.0168,76.9558,KIDNAPPING AND ABDUCTION OF WOMEN AND GIRLS,71
2007,TAMIL NADU,COIMBATORE,11.0168,76.9558,KIDNAPPING AND ABDUCTION OF OTHERS,13
2007,TAMIL NADU,COIMBATORE,11.0168,76.9558,DACOITY,7
2007,TAMIL NADU,COIMBATORE,11.0168,76.9558,ROBBERY,27
2007,TAMIL NADU,COIMBATORE,11.0168,76.9558,BURGLARY,286
2007,TAMIL NADU,COIMBATORE,11.0168,76.9558,THEFT,1044
2007,TAMIL NADU,COIMBATORE,11.0168,76.9558,RIOTS,190
2007,TAMIL NADU,COIMBATORE,11.0168,76.9558,CRIMINAL BREACH OF TRUST,17
2007,TAMIL NADU,COIMBATORE,11.0168,76.9558,CHEATING,169
2007,TAMIL NADU,COIMBATORE,11.0168,76.9558,COUNTERFIETING,7
2007,TAMIL NADU,COIMBATORE,11.0168,76.9558,HURT/GREVIOUS HURT,776
2007,TAMIL NADU,COIMBATORE,11.0168,76.9558,DOWRY DEATHS,11
2007,TAMIL NADU,COIMBATORE,11.0168,76.9558,ASSAULT ON WOMEN WITH INTENT TO OUTRAGE HER MODESTY,121
2007,TAMIL NADU,COIMBATORE,11.0168,76.9558,CAUSING DEATH BY NEGLIGENCE,867
2007,TAMIL NADU,SALEM,11.6643,78.146,MURDER,67
2007,TAMIL NADU,SALEM,11.6643,78.146,ATTEMPT TO MURDER,54
2007,TAMIL NADU,SALEM,11.6643,78.146,CULPABLE HOMICIDE NOT AMOUNTING TO MURDER,2
2007,TAMIL NADU,SALEM,11.6643,78.146,RAPE,25
2007,TAMIL NADU,SALEM,11.6643,78.146,OTHER RAPE,25
2007,TAMIL NADU,SALEM,11.6643,78.146,KIDNAPPING & ABDUCTION,71
2007,TAMIL NADU,SALEM,11.6643,78.146,KIDNAPPING AND ABDUCTION OF WOMEN AND GIRLS,60
2007,TAMIL NADU,SALEM,11.6643,78.146,KIDNAPPING AND ABDUCTION OF OTHERS,11
2007,TAMIL NADU,SALEM,11.6643,78.146,DACOITY,8
2007,TAMIL NADU,SALEM,11.6643,78.146,ROBBERY,21
2007,TAMIL NADU,SALEM,11.6643,78.146,BURGLARY,55
2007,TAMIL NADU,SALEM,11.6643,78.146,THEFT,202
2007,TAMIL NADU,SALEM,11.6643,78.146,RIOTS,191
2007,TAMIL NADU,SALEM,11.6643,78.146,CRIMINAL BREACH OF TRUST,0
2007,TAMIL NADU,SALEM,11.6643,78.146,CHEATING,25
2007,TAMIL NADU,SALEM,11.6643,78.146,COUNTERFIETING,0
2007,TAMIL NADU,SALEM,11.6643,78.146,HURT/GREVIOUS HURT,1255
2007,TAMIL NADU,SALEM,11.6643,78.146,DOWRY DEATHS,6
2007,TAMIL NADU,SALEM,11.6643,78.146,ASSAULT ON WOMEN WITH INTENT TO OUTRAGE HER MODESTY,125
2007,TAMIL NADU,SALEM,11.6643,78.146,CAUSING DEATH BY NEGLIGENCE,385
2007,TAMIL NADU,MADURAI,9.9252,78.1198,MURDER,55
2007,TAMIL NADU,MADURAI,9.9252,78.1198,ATTEMPT TO MURDER,52
2007,TAMIL NADU,MADURAI,9.9252,78.1198,CULPABLE HOMICIDE NOT AMOUNTING TO MURDER,0
2007,TAMIL NADU,MADURAI,9.9252,78.1198,RAPE,9
2007,TAMIL NADU,MADURAI,9.9252,78.1198,OTHER RAPE,9
2007,TAMIL NADU,MADURAI,9.9252,78.1198,KIDNAPPING & ABDUCTION,36
2007,TAMIL NADU,MADURAI,9.9252,78.1198,KIDNAPPING AND ABDUCTION OF WOMEN AND GIRLS,30
2007,TAMIL NADU,MADURAI,9.9252,78.1198,KIDNAPPING AND ABDUCTION OF OTHERS,6
2007,TAMIL NADU,MADURAI,9.9252,78.1198,DACOITY,3
2007,TAMIL NADU,MADURAI,9.9252,78.1198,ROBBERY,10
2007,TAMIL NADU,MADURAI,9.9252,78.1198,BURGLARY,77
2007,TAMIL NADU,MADURAI,9.9252,78.1198,THEFT,252
2007,TAMIL NADU,MADURAI,9.9252,78.1198,RIOTS,133
2007,TAMIL NADU,MADURAI,9.9252,78.1198,CRIMINAL BREACH OF TRUST,15
2007,TAMIL NADU,MADURAI,9.9252,78.1198,CHEATING,116
2007,TAMIL NADU,MADURAI,9.9252,78.1198,COUNTERFIETING,0
2007,TAMIL NADU,MADURAI,9.9252,78.1198,HURT/GREVIOUS HURT,521
2007,TAMIL NADU,MADURAI,9.9252,78.1198,DOWRY DEATHS,11
2007,TAMIL NADU,MADURAI,9.9252,78.1198,ASSAULT ON WOMEN WITH INTENT TO OUTRAGE HER MODESTY,54
2007,TAMIL NADU,MADURAI,9.9252,78.1198,CAUSING DEATH BY NEGLIGENCE,394
2007,TAMIL NADU,THIRUNELVELI,8.7412,77.6946,MURDER,80
2007,TAMIL NADU,THIRUNELVELI,8.7412,77.6946,ATTEMPT TO MURDER,262
2007,TAMIL NADU,THIRUNELVELI,8.7412,77.6946,CULPABLE HOMICIDE NOT AMOUNTING TO MURDER,1
2007,TAMIL NADU,THIRUNELVELI,8.7412,77.6946,RAPE,35
2007,TAMIL NADU,THIRUNELVELI,8.7412,77.6946,OTHER RAPE,35
2007,TAMIL NADU,THIRUNELVELI,8.7412,77.6946,KIDNAPPING & ABDUCTION,56
2007,TAMIL NADU,THIRUNELVELI,8.7412,77.6946,KIDNAPPING AND ABDUCTION OF WOMEN AND GIRLS,54
2007,TAMIL NADU,THIRUNELVELI,8.7412,77.6946,KIDNAPPING AND ABDUCTION OF OTHERS,2
2007,TAMIL NADU,THIRUNELVELI,8.7412,77.6946,DACOITY,1
2007,TAMIL NADU,THIRUNELVELI,8.7412,77.6946,ROBBERY,46
2007,TAMIL NADU,THIRUNELVELI,8.7412,77.6946,BURGLARY,170
2007,TAMIL NADU,THIRUNELVELI,8.7412,77.6946,THEFT,416
2007,TAMIL NADU,THIRUNELVELI,8.7412,77.6946,RIOTS,2
2007,TAMIL NADU,THIRUNELVELI,8.7412,77.6946,CRIMINAL BREACH OF TRUST,7
2007,TAMIL NADU,THIRUNELVELI,8.7412,77.6946,CHEATING,87
2007,TAMIL NADU,THIRUNELVELI,8.7412,77.6946,COUNTERFIETING,7
2007,TAMIL NADU,THIRUNELVELI,8.7412,77.6946,HURT/GREVIOUS HURT,871
2007,TAMIL NADU,THIRUNELVELI,8.7412,77.6946,DOWRY DEATHS,5
2007,TAMIL NADU,THIRUNELVELI,8.7412,77.6946,ASSAULT ON WOMEN WITH INTENT TO OUTRAGE HER MODESTY,96
2007,TAMIL NADU,THIRUNELVELI,8.7412,77.6946,CAUSING DEATH BY NEGLIGENCE,284
2007,TAMIL NADU,VELLORE,12.9349,79.1468,MURDER,66
2007,TAMIL NADU,VELLORE,12.9349,79.1468,ATTEMPT TO MURDER,36
2007,TAMIL NADU,VELLORE,12.9349,79.1468,CULPABLE HOMICIDE NOT AMOUNTING TO MURDER,2
2007,TAMIL NADU,VELLORE,12.9349,79.1468,RAPE,25
2007,TAMIL NADU,VELLORE,12.9349,79.1468,OTHER RAPE,25
2007,TAMIL NADU,VELLORE,12.9349,79.1468,KIDNAPPING & ABDUCTION,55
2007,TAMIL NADU,VELLORE,12.9349,79.1468,KIDNAPPING AND ABDUCTION OF WOMEN AND GIRLS,48
2007,TAMIL NADU,VELLORE,12.9349,79.1468,KIDNAPPING AND ABDUCTION OF OTHERS,7
2007,TAMIL NADU,VELLORE,12.9349,79.1468,DACOITY,0
2007,TAMIL NADU,VELLORE,12.9349,79.1468,ROBBERY,11
2007,TAMIL NADU,VELLORE,12.9349,79.1468,BURGLARY,165
2007,TAMIL NADU,VELLORE,12.9349,79.1468,THEFT,418
2007,TAMIL NADU,VELLORE,12.9349,79.1468,RIOTS,4
2007,TAMIL NADU,VELLORE,12.9349,79.1468,CRIMINAL BREACH OF TRUST,52
2007,TAMIL NADU,VELLORE,12.9349,79.1468,CHEATING,0
2007,TAMIL NADU,VELLORE,12.9349,79.1468,COUNTERFIETING,13
2007,TAMIL NADU,VELLORE,12.9349,79.1468,HURT/GREVIOUS HURT,647
2007,TAMIL NADU,VELLORE,12.9349,79.1468,DOWRY DEATHS,8
2007,TAMIL NADU,VELLORE,12.9349,79.1468,ASSAULT ON WOMEN WITH INTENT TO OUTRAGE HER MODESTY,26
2007,TAMIL NADU,VELLORE,12.9349,79.1468,CAUSING DEATH BY NEGLIGENCE,408
2008,TAMIL NADU,CHENNAI,13.0826,80.2707,MURDER,100
2008,TAMIL NADU,CHENNAI,13.0826,80.2707,ATTEMPT TO MURDER,130
2008,TAMIL NADU,CHENNAI,13.0826,80.2707,CULPABLE HOMICIDE NOT AMOUNTING TO MURDER,0
2008,TAMIL NADU,CHENNAI,13.0826,80.2707,RAPE,35
2008,TAMIL NADU,CHENNAI,13.0826,80.2707,OTHER RAPE,35
2008,TAMIL NADU,CHENNAI,13.0826,80.2707,KIDNAPPING & ABDUCTION,43
2008,TAMIL NADU,CHENNAI,13.0826,80.2707,KIDNAPPING AND ABDUCTION OF WOMEN AND GIRLS,32
2008,TAMIL NADU,CHENNAI,13.0826,80.2707,KIDNAPPING AND ABDUCTION OF OTHERS,11
2008,TAMIL NADU,CHENNAI,13.0826,80.2707,DACOITY,5
2008,TAMIL NADU,CHENNAI,13.0826,80.2707,ROBBERY,41
2008,TAMIL NADU,CHENNAI,13.0826,80.2707,BURGLARY,322
2008,TAMIL NADU,CHENNAI,13.0826,80.2707,THEFT,1545
2008,TAMIL NADU,CHENNAI,13.0826,80.2707,RIOTS,55
2008,TAMIL NADU,CHENNAI,13.0826,80.2707,CRIMINAL BREACH OF TRUST,5
2008,TAMIL NADU,CHENNAI,13.0826,80.2707,CHEATING,293
2008,TAMIL NADU,CHENNAI,13.0826,80.2707,COUNTERFIETING,135
2008,TAMIL NADU,CHENNAI,13.0826,80.2707,HURT/GREVIOUS HURT,726
2008,TAMIL NADU,CHENNAI,13.0826,80.2707,DOWRY DEATHS,25
2008,TAMIL NADU,CHENNAI,13.0826,80.2707,ASSAULT ON WOMEN WITH INTENT TO OUTRAGE HER MODESTY,46
2008,TAMIL NADU,CHENNAI,13.0826,80.2707,CAUSING DEATH BY NEGLIGENCE,613
2008,TAMIL NADU,COIMBATORE,11.0168,76.9558,MURDER,88
2008,TAMIL NADU,COIMBATORE,11.0168,76.9558,ATTEMPT TO MURDER,77
2008,TAMIL NADU,COIMBATORE,11.0168,76.9558,CULPABLE HOMICIDE NOT AMOUNTING TO MURDER,0
2008,TAMIL NADU,COIMBATORE,11.0168,76.9558,RAPE,14
2008,TAMIL NADU,COIMBATORE,11.0168,76.9558,OTHER RAPE,14
2008,TAMIL NADU,COIMBATORE,11.0168,76.9558,KIDNAPPING & ABDUCTION,63
2008,TAMIL NADU,COIMBATORE,11.0168,76.9558,KIDNAPPING AND ABDUCTION OF WOMEN AND GIRLS,46
2008,TAMIL NADU,COIMBATORE,11.0168,76.9558,KIDNAPPING AND ABDUCTION OF OTHERS,17
2008,TAMIL NADU,COIMBATORE,11.0168,76.9558,DACOITY,16
2008,TAMIL NADU,COIMBATORE,11.0168,76.9558,ROBBERY,48
2008,TAMIL NADU,COIMBATORE,11.0168,76.9558,BURGLARY,278
2008,TAMIL NADU,COIMBATORE,11.0168,76.9558,THEFT,1278
2008,TAMIL NADU,COIMBATORE,11.0168,76.9558,RIOTS,210
2008,TAMIL NADU,COIMBATORE,11.0168,76.9558,CRIMINAL BREACH OF TRUST,17
2008,TAMIL NADU,COIMBATORE,11.0168,76.9558,CHEATING,111
2008,TAMIL NADU,COIMBATORE,11.0168,76.9558,COUNTERFIETING,4
2008,TAMIL NADU,COIMBATORE,11.0168,76.9558,HURT/GREVIOUS HURT,952
2008,TAMIL NADU,COIMBATORE,11.0168,76.9558,DOWRY DEATHS,8
2008,TAMIL NADU,COIMBATORE,11.0168,76.9558,ASSAULT ON WOMEN WITH INTENT TO OUTRAGE HER MODESTY,107
2008,TAMIL NADU,COIMBATORE,11.0168,76.9558,CAUSING DEATH BY NEGLIGENCE,1008
2008,TAMIL NADU,SALEM,11.6643,78.146,MURDER,69
2008,TAMIL NADU,SALEM,11.6643,78.146,ATTEMPT TO MURDER,103
2008,TAMIL NADU,SALEM,11.6643,78.146,CULPABLE HOMICIDE NOT AMOUNTING TO MURDER,2
2008,TAMIL NADU,SALEM,11.6643,78.146,RAPE,35
2008,TAMIL NADU,SALEM,11.6643,78.146,OTHER RAPE,35
2008,TAMIL NADU,SALEM,11.6643,78.146,KIDNAPPING & ABDUCTION,112
2008,TAMIL NADU,SALEM,11.6643,78.146,KIDNAPPING AND ABDUCTION OF WOMEN AND GIRLS,101
2008,TAMIL NADU,SALEM,11.6643,78.146,KIDNAPPING AND ABDUCTION OF OTHERS,11
2008,TAMIL NADU,SALEM,11.6643,78.146,DACOITY,5
2008,TAMIL NADU,SALEM,11.6643,78.146,ROBBERY,19
2008,TAMIL NADU,SALEM,11.6643,78.146,BURGLARY,101
2008,TAMIL NADU,SALEM,11.6643,78.146,THEFT,347
2008,TAMIL NADU,SALEM,11.6643,78.146,RIOTS,346
2008,TAMIL NADU,SALEM,11.6643,78.146,CRIMINAL BREACH OF TRUST,5
2008,TAMIL NADU,SALEM,11.6643,78.146,CHEATING,35
2008,TAMIL NADU,SALEM,11.6643,78.146,COUNTERFIETING,6
2008,TAMIL NADU,SALEM,11.6643,78.146,HURT/GREVIOUS HURT,2341
2008,TAMIL NADU,SALEM,11.6643,78.146,DOWRY DEATHS,3
2008,TAMIL NADU,SALEM,11.6643,78.146,ASSAULT ON WOMEN WITH INTENT TO OUTRAGE HER MODESTY,217
2008,TAMIL NADU,SALEM,11.6643,78.146,CAUSING DEATH BY NEGLIGENCE,448
2008,TAMIL NADU,MADURAI,9.9252,78.1198,MURDER,55
2008,TAMIL NADU,MADURAI,9.9252,78.1198,ATTEMPT TO MURDER,79
2008,TAMIL NADU,MADURAI,9.9252,78.1198,CULPABLE HOMICIDE NOT AMOUNTING TO MURDER,0
2008,TAMIL NADU,MADURAI,9.9252,78.1198,RAPE,18
2008,TAMIL NADU,MADURAI,9.9252,78.1198,OTHER RAPE,18
2008,TAMIL NADU,MADURAI,9.9252,78.1198,KIDNAPPING & ABDUCTION,32
2008,TAMIL NADU,MADURAI,9.9252,78.1198,KIDNAPPING AND ABDUCTION OF WOMEN AND GIRLS,24
2008,TAMIL NADU,MADURAI,9.9252,78.1198,KIDNAPPING AND ABDUCTION OF OTHERS,8
2008,TAMIL NADU,MADURAI,9.9252,78.1198,DACOITY,2
2008,TAMIL NADU,MADURAI,9.9252,78.1198,ROBBERY,14
2008,TAMIL NADU,MADURAI,9.9252,78.1198,BURGLARY,77
2008,TAMIL NADU,MADURAI,9.9252,78.1198,THEFT,282
2008,TAMIL NADU,MADURAI,9.9252,78.1198,RIOTS,187
2008,TAMIL NADU,MADURAI,9.9252,78.1198,CRIMINAL BREACH OF TRUST,11
2008,TAMIL NADU,MADURAI,9.9252,78.1198,CHEATING,88
2008,TAMIL NADU,MADURAI,9.9252,78.1198,COUNTERFIETING,0
2008,TAMIL NADU,MADURAI,9.9252,78.1198,HURT/GREVIOUS HURT,544
2008,TAMIL NADU,MADURAI,9.9252,78.1198,DOWRY DEATHS,9
2008,TAMIL NADU,MADURAI,9.9252,78.1198,ASSAULT ON WOMEN WITH INTENT TO OUTRAGE HER MODESTY,72
2008,TAMIL NADU,MADURAI,9.9252,78.1198,CAUSING DEATH BY NEGLIGENCE,391
2008,TAMIL NADU,THIRUNELVELI,8.7412,77.6946,MURDER,89
2008,TAMIL NADU,THIRUNELVELI,8.7412,77.6946,ATTEMPT TO MURDER,248
2008,TAMIL NADU,THIRUNELVELI,8.7412,77.6946,CULPABLE HOMICIDE NOT AMOUNTING TO MURDER,1
2008,TAMIL NADU,THIRUNELVELI,8.7412,77.6946,RAPE,42
2008,TAMIL NADU,THIRUNELVELI,8.7412,77.6946,OTHER RAPE,42
2008,TAMIL NADU,THIRUNELVELI,8.7412,77.6946,KIDNAPPING & ABDUCTION,68
2008,TAMIL NADU,THIRUNELVELI,8.7412,77.6946,KIDNAPPING AND ABDUCTION OF WOMEN AND GIRLS,60
2008,TAMIL NADU,THIRUNELVELI,8.7412,77.6946,KIDNAPPING AND ABDUCTION OF OTHERS,8
2008,TAMIL NADU,THIRUNELVELI,8.7412,77.6946,DACOITY,0
2008,TAMIL NADU,THIRUNELVELI,8.7412,77.6946,ROBBERY,26
2008,TAMIL NADU,THIRUNELVELI,8.7412,77.6946,BURGLARY,213
2008,TAMIL NADU,THIRUNELVELI,8.7412,77.6946,THEFT,460
2008,TAMIL NADU,THIRUNELVELI,8.7412,77.6946,RIOTS,4
2008,TAMIL NADU,THIRUNELVELI,8.7412,77.6946,CRIMINAL BREACH OF TRUST,7
2008,TAMIL NADU,THIRUNELVELI,8.7412,77.6946,CHEATING,93
2008,TAMIL NADU,THIRUNELVELI,8.7412,77.6946,COUNTERFIETING,5
2008,TAMIL NADU,THIRUNELVELI,8.7412,77.6946,HURT/GREVIOUS HURT,1062
2008,TAMIL NADU,THIRUNELVELI,8.7412,77.6946,DOWRY DEATHS,3
2008,TAMIL NADU,THIRUNELVELI,8.7412,77.6946,ASSAULT ON WOMEN WITH INTENT TO OUTRAGE HER MODESTY,115
2008,TAMIL NADU,THIRUNELVELI,8.7412,77.6946,CAUSING DEATH BY NEGLIGENCE,318
2008,TAMIL NADU,VELLORE,12.9349,79.1468,MURDER,74
2008,TAMIL NADU,VELLORE,12.9349,79.1468,ATTEMPT TO MURDER,33
2008,TAMIL NADU,VELLORE,12.9349,79.1468,CULPABLE HOMICIDE NOT AMOUNTING TO MURDER,4
2008,TAMIL NADU,VELLORE,12.9349,79.1468,RAPE,21
2008,TAMIL NADU,VELLORE,12.9349,79.1468,OTHER RAPE,21
2008,TAMIL NADU,VELLORE,12.9349,79.1468,KIDNAPPING & ABDUCTION,53
2008,TAMIL NADU,VELLORE,12.9349,79.1468,KIDNAPPING AND ABDUCTION OF WOMEN AND GIRLS,52
2008,TAMIL NADU,VELLORE,12.9349,79.1468,KIDNAPPING AND ABDUCTION OF OTHERS,1
2008,TAMIL NADU,VELLORE,12.9349,79.1468,DACOITY,2
2008,TAMIL NADU,VELLORE,12.9349,79.1468,ROBBERY,8
2008,TAMIL NADU,VELLORE,12.9349,79.1468,BURGLARY,139
2008,TAMIL NADU,VELLORE,12.9349,79.1468,THEFT,422
2008,TAMIL NADU,VELLORE,12.9349,79.1468,RIOTS,14
2008,TAMIL NADU,VELLORE,12.9349,79.1468,CRIMINAL BREACH OF TRUST,6
2008,TAMIL NADU,VELLORE,12.9349,79.1468,CHEATING,58
2008,TAMIL NADU,VELLORE,12.9349,79.1468,COUNTERFIETING,57
2008,TAMIL NADU,VELLORE,12.9349,79.1468,HURT/GREVIOUS HURT,621
2008,TAMIL NADU,VELLORE,12.9349,79.1468,DOWRY DEATHS,7
2008,TAMIL NADU,VELLORE,12.9349,79.1468,ASSAULT ON WOMEN WITH INTENT TO OUTRAGE HER MODESTY,25
2008,TAMIL NADU,VELLORE,12.9349,79.1468,CAUSING DEATH BY NEGLIGENCE,678
2009,TAMIL NADU,CHENNAI,13.0826,80.2707,MURDER,96
2009,TAMIL NADU,CHENNAI,13.0826,80.2707,ATTEMPT TO MURDER,175
2009,TAMIL NADU,CHENNAI,13.0826,80.2707,CULPABLE HOMICIDE NOT AMOUNTING TO MURDER,0
2009,TAMIL NADU,CHENNAI,13.0826,80.2707,RAPE,39
2009,TAMIL NADU,CHENNAI,13.0826,80.2707,OTHER RAPE,39
2009,TAMIL NADU,CHENNAI,13.0826,80.2707,KIDNAPPING & ABDUCTION,42
2009,TAMIL NADU,CHENNAI,13.0826,80.2707,KIDNAPPING AND ABDUCTION OF WOMEN AND GIRLS,37
2009,TAMIL NADU,CHENNAI,13.0826,80.2707,KIDNAPPING AND ABDUCTION OF OTHERS,5
2009,TAMIL NADU,CHENNAI,13.0826,80.2707,DACOITY,7
2009,TAMIL NADU,CHENNAI,13.0826,80.2707,ROBBERY,84
2009,TAMIL NADU,CHENNAI,13.0826,80.2707,BURGLARY,398
2009,TAMIL NADU,CHENNAI,13.0826,80.2707,THEFT,1716
2009,TAMIL NADU,CHENNAI,13.0826,80.2707,RIOTS,70
2009,TAMIL NADU,CHENNAI,13.0826,80.2707,CRIMINAL BREACH OF TRUST,46
2009,TAMIL NADU,CHENNAI,13.0826,80.2707,CHEATING,350
2009,TAMIL NADU,CHENNAI,13.0826,80.2707,COUNTERFIETING,42
2009,TAMIL NADU,CHENNAI,13.0826,80.2707,HURT/GREVIOUS HURT,735
2009,TAMIL NADU,CHENNAI,13.0826,80.2707,DOWRY DEATHS,19
2009,TAMIL NADU,CHENNAI,13.0826,80.2707,ASSAULT ON WOMEN WITH INTENT TO OUTRAGE HER MODESTY,42
2009,TAMIL NADU,CHENNAI,13.0826,80.2707,CAUSING DEATH BY NEGLIGENCE,602
2009,TAMIL NADU,COIMBATORE,11.0168,76.9558,MURDER,48
2009,TAMIL NADU,COIMBATORE,11.0168,76.9558,ATTEMPT TO MURDER,39
2009,TAMIL NADU,COIMBATORE,11.0168,76.9558,CULPABLE HOMICIDE NOT AMOUNTING TO MURDER,0
2009,TAMIL NADU,COIMBATORE,11.0168,76.9558,RAPE,7
2009,TAMIL NADU,COIMBATORE,11.0168,76.9558,OTHER RAPE,7
2009,TAMIL NADU,COIMBATORE,11.0168,76.9558,KIDNAPPING & ABDUCTION,31
2009,TAMIL NADU,COIMBATORE,11.0168,76.9558,KIDNAPPING AND ABDUCTION OF WOMEN AND GIRLS,24
2009,TAMIL NADU,COIMBATORE,11.0168,76.9558,KIDNAPPING AND ABDUCTION OF OTHERS,7
2009,TAMIL NADU,COIMBATORE,11.0168,76.9558,DACOITY,8
2009,TAMIL NADU,COIMBATORE,11.0168,76.9558,ROBBERY,52
2009,TAMIL NADU,COIMBATORE,11.0168,76.9558,BURGLARY,163
2009,TAMIL NADU,COIMBATORE,11.0168,76.9558,THEFT,508
2009,TAMIL NADU,COIMBATORE,11.0168,76.9558,RIOTS,134
2009,TAMIL NADU,COIMBATORE,11.0168,76.9558,CRIMINAL BREACH OF TRUST,8
2009,TAMIL NADU,COIMBATORE,11.0168,76.9558,CHEATING,60
2009,TAMIL NADU,COIMBATORE,11.0168,76.9558,COUNTERFIETING,2
2009,TAMIL NADU,COIMBATORE,11.0168,76.9558,HURT/GREVIOUS HURT,428
2009,TAMIL NADU,COIMBATORE,11.0168,76.9558,DOWRY DEATHS,4
2009,TAMIL NADU,COIMBATORE,11.0168,76.9558,ASSAULT ON WOMEN WITH INTENT TO OUTRAGE HER MODESTY,41
2009,TAMIL NADU,COIMBATORE,11.0168,76.9558,CAUSING DEATH BY NEGLIGENCE,583
2009,TAMIL NADU,SALEM,11.6643,78.146,MURDER,48
2009,TAMIL NADU,SALEM,11.6643,78.146,ATTEMPT TO MURDER,68
2009,TAMIL NADU,SALEM,11.6643,78.146,CULPABLE HOMICIDE NOT AMOUNTING TO MURDER,1
2009,TAMIL NADU,SALEM,11.6643,78.146,RAPE,32
2009,TAMIL NADU,SALEM,11.6643,78.146,OTHER RAPE,32
2009,TAMIL NADU,SALEM,11.6643,78.146,KIDNAPPING & ABDUCTION,91
2009,TAMIL NADU,SALEM,11.6643,78.146,KIDNAPPING AND ABDUCTION OF WOMEN AND GIRLS,81
2009,TAMIL NADU,SALEM,11.6643,78.146,KIDNAPPING AND ABDUCTION OF OTHERS,10
2009,TAMIL NADU,SALEM,11.6643,78.146,DACOITY,2
2009,TAMIL NADU,SALEM,11.6643,78.146,ROBBERY,20
2009,TAMIL NADU,SALEM,11.6643,78.146,BURGLARY,73
2009,TAMIL NADU,SALEM,11.6643,78.146,THEFT,215
2009,TAMIL NADU,SALEM,11.6643,78.146,RIOTS,194
2009,TAMIL NADU,SALEM,11.6643,78.146,CRIMINAL BREACH OF TRUST,0
2009,TAMIL NADU,SALEM,11.6643,78.146,CHEATING,33
2009,TAMIL NADU,SALEM,11.6643,78.146,COUNTERFIETING,3
2009,TAMIL NADU,SALEM,11.6643,78.146,HURT/GREVIOUS HURT,1458
2009,TAMIL NADU,SALEM,11.6643,78.146,DOWRY DEATHS,3
2009,TAMIL NADU,SALEM,11.6643,78.146,ASSAULT ON WOMEN WITH INTENT TO OUTRAGE HER MODESTY,90
2009,TAMIL NADU,SALEM,11.6643,78.146,CAUSING DEATH BY NEGLIGENCE,445
2009,TAMIL NADU,MADURAI,9.9252,78.1198,MURDER,68
2009,TAMIL NADU,MADURAI,9.9252,78.1198,ATTEMPT TO MURDER,82
2009,TAMIL NADU,MADURAI,9.9252,78.1198,CULPABLE HOMICIDE NOT AMOUNTING TO MURDER,1
2009,TAMIL NADU,MADURAI,9.9252,78.1198,RAPE,18
2009,TAMIL NADU,MADURAI,9.9252,78.1198,OTHER RAPE,18
2009,TAMIL NADU,MADURAI,9.9252,78.1198,KIDNAPPING & ABDUCTION,49
2009,TAMIL NADU,MADURAI,9.9252,78.1198,KIDNAPPING AND ABDUCTION OF WOMEN AND GIRLS,39
2009,TAMIL NADU,MADURAI,9.9252,78.1198,KIDNAPPING AND ABDUCTION OF OTHERS,10
2009,TAMIL NADU,MADURAI,9.9252,78.1198,DACOITY,2
2009,TAMIL NADU,MADURAI,9.9252,78.1198,ROBBERY,77
2009,TAMIL NADU,MADURAI,9.9252,78.1198,BURGLARY,119
2009,TAMIL NADU,MADURAI,9.9252,78.1198,THEFT,341
2009,TAMIL NADU,MADURAI,9.9252,78.1198,RIOTS,179
2009,TAMIL NADU,MADURAI,9.9252,78.1198,CRIMINAL BREACH OF TRUST,4
2009,TAMIL NADU,MADURAI,9.9252,78.1198,CHEATING,134
2009,TAMIL NADU,MADURAI,9.9252,78.1198,COUNTERFIETING,1
2009,TAMIL NADU,MADURAI,9.9252,78.1198,HURT/GREVIOUS HURT,606
2009,TAMIL NADU,MADURAI,9.9252,78.1198,DOWRY DEATHS,9
2009,TAMIL NADU,MADURAI,9.9252,78.1198,ASSAULT ON WOMEN WITH INTENT TO OUTRAGE HER MODESTY,75
2009,TAMIL NADU,MADURAI,9.9252,78.1198,CAUSING DEATH BY NEGLIGENCE,451
2009,TAMIL NADU,THIRUNELVELI,8.7412,77.6946,MURDER,95
2009,TAMIL NADU,THIRUNELVELI,8.7412,77.6946,ATTEMPT TO MURDER,207
2009,TAMIL NADU,THIRUNELVELI,8.7412,77.6946,CULPABLE HOMICIDE NOT AMOUNTING TO MURDER,2
2009,TAMIL NADU,THIRUNELVELI,8.7412,77.6946,RAPE,44
2009,TAMIL NADU,THIRUNELVELI,8.7412,77.6946,OTHER RAPE,44
2009,TAMIL NADU,THIRUNELVELI,8.7412,77.6946,KIDNAPPING & ABDUCTION,66
2009,TAMIL NADU,THIRUNELVELI,8.7412,77.6946,KIDNAPPING AND ABDUCTION OF WOMEN AND GIRLS,55
2009,TAMIL NADU,THIRUNELVELI,8.7412,77.6946,KIDNAPPING AND ABDUCTION OF OTHERS,11
2009,TAMIL NADU,THIRUNELVELI,8.7412,77.6946,DACOITY,4
2009,TAMIL NADU,THIRUNELVELI,8.7412,77.6946,ROBBERY,94
2009,TAMIL NADU,THIRUNELVELI,8.7412,77.6946,BURGLARY,227
2009,TAMIL NADU,THIRUNELVELI,8.7412,77.6946,THEFT,520
2009,TAMIL NADU,THIRUNELVELI,8.7412,77.6946,RIOTS,2
2009,TAMIL NADU,THIRUNELVELI,8.7412,77.6946,CRIMINAL BREACH OF TRUST,3
2009,TAMIL NADU,THIRUNELVELI,8.7412,77.6946,CHEATING,63
2009,TAMIL NADU,THIRUNELVELI,8.7412,77.6946,COUNTERFIETING,3
2009,TAMIL NADU,THIRUNELVELI,8.7412,77.6946,HURT/GREVIOUS HURT,1017
2009,TAMIL NADU,THIRUNELVELI,8.7412,77.6946,DOWRY DEATHS,5
2009,TAMIL NADU,THIRUNELVELI,8.7412,77.6946,ASSAULT ON WOMEN WITH INTENT TO OUTRAGE HER MODESTY,91
2009,TAMIL NADU,THIRUNELVELI,8.7412,77.6946,CAUSING DEATH BY NEGLIGENCE,341
2009,TAMIL NADU,VELLORE,12.9349,79.1468,MURDER,81
2009,TAMIL NADU,VELLORE,12.9349,79.1468,ATTEMPT TO MURDER,44
2009,TAMIL NADU,VELLORE,12.9349,79.1468,CULPABLE HOMICIDE NOT AMOUNTING TO MURDER,2
2009,TAMIL NADU,VELLORE,12.9349,79.1468,RAPE,18
2009,TAMIL NADU,VELLORE,12.9349,79.1468,OTHER RAPE,18
2009,TAMIL NADU,VELLORE,12.9349,79.1468,KIDNAPPING & ABDUCTION,46
2009,TAMIL NADU,VELLORE,12.9349,79.1468,KIDNAPPING AND ABDUCTION OF WOMEN AND GIRLS,40
2009,TAMIL NADU,VELLORE,12.9349,79.1468,KIDNAPPING AND ABDUCTION OF OTHERS,6
2009,TAMIL NADU,VELLORE,12.9349,79.1468,DACOITY,3
2009,TAMIL NADU,VELLORE,12.9349,79.1468,ROBBERY,14
2009,TAMIL NADU,VELLORE,12.9349,79.1468,BURGLARY,111
2009,TAMIL NADU,VELLORE,12.9349,79.1468,THEFT,448
2009,TAMIL NADU,VELLORE,12.9349,79.1468,RIOTS,11
2009,TAMIL NADU,VELLORE,12.9349,79.1468,CRIMINAL BREACH OF TRUST,3
2009,TAMIL NADU,VELLORE,12.9349,79.1468,CHEATING,25
2009,TAMIL NADU,VELLORE,12.9349,79.1468,COUNTERFIETING,41
2009,TAMIL NADU,VELLORE,12.9349,79.1468,HURT/GREVIOUS HURT,560
2009,TAMIL NADU,VELLORE,12.9349,79.1468,DOWRY DEATHS,10
2009,TAMIL NADU,VELLORE,12.9349,79.1468,ASSAULT ON WOMEN WITH INTENT TO OUTRAGE HER MODESTY,21
2009,TAMIL NADU,VELLORE,12.9349,79.1468,CAUSING DEATH BY NEGLIGENCE,741
2010,TAMIL NADU,CHENNAI,13.0826,80.2707,MURDER,103
2010,TAMIL NADU,CHENNAI,13.0826,80.2707,ATTEMPT TO MURDER,158
2010,TAMIL NADU,CHENNAI,13.0826,80.2707,CULPABLE HOMICIDE NOT AMOUNTING TO MURDER,2
2010,TAMIL NADU,CHENNAI,13.0826,80.2707,RAPE,47
2010,TAMIL NADU,CHENNAI,13.0826,80.2707,OTHER RAPE,47
2010,TAMIL NADU,CHENNAI,13.0826,80.2707,KIDNAPPING & ABDUCTION,47
2010,TAMIL NADU,CHENNAI,13.0826,80.2707,KIDNAPPING AND ABDUCTION OF WOMEN AND GIRLS,30
2010,TAMIL NADU,CHENNAI,13.0826,80.2707,KIDNAPPING AND ABDUCTION OF OTHERS,17
2010,TAMIL NADU,CHENNAI,13.0826,80.2707,DACOITY,2
2010,TAMIL NADU,CHENNAI,13.0826,80.2707,ROBBERY,74
2010,TAMIL NADU,CHENNAI,13.0826,80.2707,BURGLARY,383
2010,TAMIL NADU,CHENNAI,13.0826,80.2707,THEFT,1540
2010,TAMIL NADU,CHENNAI,13.0826,80.2707,RIOTS,60
2010,TAMIL NADU,CHENNAI,13.0826,80.2707,CRIMINAL BREACH OF TRUST,21
2010,TAMIL NADU,CHENNAI,13.0826,80.2707,CHEATING,524
2010,TAMIL NADU,CHENNAI,13.0826,80.2707,COUNTERFIETING,72
2010,TAMIL NADU,CHENNAI,13.0826,80.2707,HURT/GREVIOUS HURT,773
2010,TAMIL NADU,CHENNAI,13.0826,80.2707,DOWRY DEATHS,16
2010,TAMIL NADU,CHENNAI,13.0826,80.2707,ASSAULT ON WOMEN WITH INTENT TO OUTRAGE HER MODESTY,45
2010,TAMIL NADU,CHENNAI,13.0826,80.2707,CAUSING DEATH BY NEGLIGENCE,604
2010,TAMIL NADU,COIMBATORE,11.0168,76.9558,MURDER,41
2010,TAMIL NADU,COIMBATORE,11.0168,76.9558,ATTEMPT TO MURDER,50
2010,TAMIL NADU,COIMBATORE,11.0168,76.9558,CULPABLE HOMICIDE NOT AMOUNTING TO MURDER,0
2010,TAMIL NADU,COIMBATORE,11.0168,76.9558,RAPE,13
2010,TAMIL NADU,COIMBATORE,11.0168,76.9558,OTHER RAPE,13
2010,TAMIL NADU,COIMBATORE,11.0168,76.9558,KIDNAPPING & ABDUCTION,62
2010,TAMIL NADU,COIMBATORE,11.0168,76.9558,KIDNAPPING AND ABDUCTION OF WOMEN AND GIRLS,53
2010,TAMIL NADU,COIMBATORE,11.0168,76.9558,KIDNAPPING AND ABDUCTION OF OTHERS,9
2010,TAMIL NADU,COIMBATORE,11.0168,76.9558,DACOITY,11
2010,TAMIL NADU,COIMBATORE,11.0168,76.9558,ROBBERY,78
2010,TAMIL NADU,COIMBATORE,11.0168,76.9558,BURGLARY,188
2010,TAMIL NADU,COIMBATORE,11.0168,76.9558,THEFT,425
2010,TAMIL NADU,COIMBATORE,11.0168,76.9558,RIOTS,83
2010,TAMIL NADU,COIMBATORE,11.0168,76.9558,CRIMINAL BREACH OF TRUST,0
2010,TAMIL NADU,COIMBATORE,11.0168,76.9558,CHEATING,51
2010,TAMIL NADU,COIMBATORE,11.0168,76.9558,COUNTERFIETING,1
2010,TAMIL NADU,COIMBATORE,11.0168,76.9558,HURT/GREVIOUS HURT,440
2010,TAMIL NADU,COIMBATORE,11.0168,76.9558,DOWRY DEATHS,1
2010,TAMIL NADU,COIMBATORE,11.0168,76.9558,ASSAULT ON WOMEN WITH INTENT TO OUTRAGE HER MODESTY,39
2010,TAMIL NADU,COIMBATORE,11.0168,76.9558,CAUSING DEATH BY NEGLIGENCE,643
2010,TAMIL NADU,SALEM,11.6643,78.146,MURDER,81
2010,TAMIL NADU,SALEM,11.6643,78.146,ATTEMPT TO MURDER,62
2010,TAMIL NADU,SALEM,11.6643,78.146,CULPABLE HOMICIDE NOT AMOUNTING TO MURDER,6
2010,TAMIL NADU,SALEM,11.6643,78.146,RAPE,53
2010,TAMIL NADU,SALEM,11.6643,78.146,OTHER RAPE,53
2010,TAMIL NADU,SALEM,11.6643,78.146,KIDNAPPING & ABDUCTION,140
2010,TAMIL NADU,SALEM,11.6643,78.146,KIDNAPPING AND ABDUCTION OF WOMEN AND GIRLS,137
2010,TAMIL NADU,SALEM,11.6643,78.146,KIDNAPPING AND ABDUCTION OF OTHERS,3
2010,TAMIL NADU,SALEM,11.6643,78.146,DACOITY,9
2010,TAMIL NADU,SALEM,11.6643,78.146,ROBBERY,42
2010,TAMIL NADU,SALEM,11.6643,78.146,BURGLARY,110
2010,TAMIL NADU,SALEM,11.6643,78.146,THEFT,221
2010,TAMIL NADU,SALEM,11.6643,78.146,RIOTS,281
2010,TAMIL NADU,SALEM,11.6643,78.146,CRIMINAL BREACH OF TRUST,1
2010,TAMIL NADU,SALEM,11.6643,78.146,CHEATING,42
2010,TAMIL NADU,SALEM,11.6643,78.146,COUNTERFIETING,2
2010,TAMIL NADU,SALEM,11.6643,78.146,HURT/GREVIOUS HURT,2665
2010,TAMIL NADU,SALEM,11.6643,78.146,DOWRY DEATHS,4
2010,TAMIL NADU,SALEM,11.6643,78.146,ASSAULT ON WOMEN WITH INTENT TO OUTRAGE HER MODESTY,165
2010,TAMIL NADU,SALEM,11.6643,78.146,CAUSING DEATH BY NEGLIGENCE,541
2010,TAMIL NADU,MADURAI,9.9252,78.1198,MURDER,59
2010,TAMIL NADU,MADURAI,9.9252,78.1198,ATTEMPT TO MURDER,78
2010,TAMIL NADU,MADURAI,9.9252,78.1198,CULPABLE HOMICIDE NOT AMOUNTING TO MURDER,1
2010,TAMIL NADU,MADURAI,9.9252,78.1198,RAPE,17
2010,TAMIL NADU,MADURAI,9.9252,78.1198,OTHER RAPE,17
2010,TAMIL NADU,MADURAI,9.9252,78.1198,KIDNAPPING & ABDUCTION,58
2010,TAMIL NADU,MADURAI,9.9252,78.1198,KIDNAPPING AND ABDUCTION OF WOMEN AND GIRLS,41
2010,TAMIL NADU,MADURAI,9.9252,78.1198,KIDNAPPING AND ABDUCTION OF OTHERS,17
2010,TAMIL NADU,MADURAI,9.9252,78.1198,DACOITY,2
2010,TAMIL NADU,MADURAI,9.9252,78.1198,ROBBERY,95
2010,TAMIL NADU,MADURAI,9.9252,78.1198,BURGLARY,160
2010,TAMIL NADU,MADURAI,9.9252,78.1198,THEFT,348
2010,TAMIL NADU,MADURAI,9.9252,78.1198,RIOTS,168
2010,TAMIL NADU,MADURAI,9.9252,78.1198,CRIMINAL BREACH OF TRUST,14
2010,TAMIL NADU,MADURAI,9.9252,78.1198,CHEATING,123
2010,TAMIL NADU,MADURAI,9.9252,78.1198,COUNTERFIETING,2
2010,TAMIL NADU,MADURAI,9.9252,78.1198,HURT/GREVIOUS HURT,586
2010,TAMIL NADU,MADURAI,9.9252,78.1198,DOWRY DEATHS,14
2010,TAMIL NADU,MADURAI,9.9252,78.1198,ASSAULT ON WOMEN WITH INTENT TO OUTRAGE HER MODESTY,62
2010,TAMIL NADU,MADURAI,9.9252,78.1198,CAUSING DEATH BY NEGLIGENCE,550
2010,TAMIL NADU,THIRUNELVELI,8.7412,77.6946,MURDER,83
2010,TAMIL NADU,THIRUNELVELI,8.7412,77.6946,ATTEMPT TO MURDER,215
2010,TAMIL NADU,THIRUNELVELI,8.7412,77.6946,CULPABLE HOMICIDE NOT AMOUNTING TO MURDER,3
2010,TAMIL NADU,THIRUNELVELI,8.7412,77.6946,RAPE,48
2010,TAMIL NADU,THIRUNELVELI,8.7412,77.6946,OTHER RAPE,48
2010,TAMIL NADU,THIRUNELVELI,8.7412,77.6946,KIDNAPPING & ABDUCTION,65
2010,TAMIL NADU,THIRUNELVELI,8.7412,77.6946,KIDNAPPING AND ABDUCTION OF WOMEN AND GIRLS,58
2010,TAMIL NADU,THIRUNELVELI,8.7412,77.6946,KIDNAPPING AND ABDUCTION OF OTHERS,7
2010,TAMIL NADU,THIRUNELVELI,8.7412,77.6946,DACOITY,2
2010,TAMIL NADU,THIRUNELVELI,8.7412,77.6946,ROBBERY,77
2010,TAMIL NADU,THIRUNELVELI,8.7412,77.6946,BURGLARY,195
2010,TAMIL NADU,THIRUNELVELI,8.7412,77.6946,THEFT,445
2010,TAMIL NADU,THIRUNELVELI,8.7412,77.6946,RIOTS,4
2010,TAMIL NADU,THIRUNELVELI,8.7412,77.6946,CRIMINAL BREACH OF TRUST,4
2010,TAMIL NADU,THIRUNELVELI,8.7412,77.6946,CHEATING,129
2010,TAMIL NADU,THIRUNELVELI,8.7412,77.6946,COUNTERFIETING,7
2010,TAMIL NADU,THIRUNELVELI,8.7412,77.6946,HURT/GREVIOUS HURT,1012
2010,TAMIL NADU,THIRUNELVELI,8.7412,77.6946,DOWRY DEATHS,3
2010,TAMIL NADU,THIRUNELVELI,8.7412,77.6946,ASSAULT ON WOMEN WITH INTENT TO OUTRAGE HER MODESTY,88
2010,TAMIL NADU,THIRUNELVELI,8.7412,77.6946,CAUSING DEATH BY NEGLIGENCE,409
2010,TAMIL NADU,VELLORE,12.9349,79.1468,MURDER,82
2010,TAMIL NADU,VELLORE,12.9349,79.1468,ATTEMPT TO MURDER,56
2010,TAMIL NADU,VELLORE,12.9349,79.1468,CULPABLE HOMICIDE NOT AMOUNTING TO MURDER,2
2010,TAMIL NADU,VELLORE,12.9349,79.1468,RAPE,30
2010,TAMIL NADU,VELLORE,12.9349,79.1468,OTHER RAPE,30
2010,TAMIL NADU,VELLORE,12.9349,79.1468,KIDNAPPING & ABDUCTION,68
2010,TAMIL NADU,VELLORE,12.9349,79.1468,KIDNAPPING AND ABDUCTION OF WOMEN AND GIRLS,56
2010,TAMIL NADU,VELLORE,12.9349,79.1468,KIDNAPPING AND ABDUCTION OF OTHERS,12
2010,TAMIL NADU,VELLORE,12.9349,79.1468,DACOITY,1
2010,TAMIL NADU,VELLORE,12.9349,79.1468,ROBBERY,33
2010,TAMIL NADU,VELLORE,12.9349,79.1468,BURGLARY,208
2010,TAMIL NADU,VELLORE,12.9349,79.1468,THEFT,656
2010,TAMIL NADU,VELLORE,12.9349,79.1468,RIOTS,5
2010,TAMIL NADU,VELLORE,12.9349,79.1468,CRIMINAL BREACH OF TRUST,8
2010,TAMIL NADU,VELLORE,12.9349,79.1468,CHEATING,42
2010,TAMIL NADU,VELLORE,12.9349,79.1468,COUNTERFIETING,31
2010,TAMIL NADU,VELLORE,12.9349,79.1468,HURT/GREVIOUS HURT,758
2010,TAMIL NADU,VELLORE,12.9349,79.1468,DOWRY DEATHS,8
2010,TAMIL NADU,VELLORE,12.9349,79.1468,ASSAULT ON WOMEN WITH INTENT TO OUTRAGE HER MODESTY,28
2010,TAMIL NADU,VELLORE,12.9349,79.1468,CAUSING DEATH BY NEGLIGENCE,752
2011,TAMIL NADU,CHENNAI,13.0826,80.2707,MURDER,168
2011,TAMIL NADU,CHENNAI,13.0826,80.2707,ATTEMPT TO MURDER,332
2011,TAMIL NADU,CHENNAI,13.0826,80.2707,CULPABLE HOMICIDE NOT AMOUNTING TO MURDER,1
2011,TAMIL NADU,CHENNAI,13.0826,80.2707,RAPE,76
2011,TAMIL NADU,CHENNAI,13.0826,80.2707,OTHER RAPE,76
2011,TAMIL NADU,CHENNAI,13.0826,80.2707,KIDNAPPING & ABDUCTION,56
2011,TAMIL NADU,CHENNAI,13.0826,80.2707,KIDNAPPING AND ABDUCTION OF WOMEN AND GIRLS,41
2011,TAMIL NADU,CHENNAI,13.0826,80.2707,KIDNAPPING AND ABDUCTION OF OTHERS,15
2011,TAMIL NADU,CHENNAI,13.0826,80.2707,DACOITY,3
2011,TAMIL NADU,CHENNAI,13.0826,80.2707,ROBBERY,219
2011,TAMIL NADU,CHENNAI,13.0826,80.2707,BURGLARY,766
2011,TAMIL NADU,CHENNAI,13.0826,80.2707,THEFT,2866
2011,TAMIL NADU,CHENNAI,13.0826,80.2707,RIOTS,160
2011,TAMIL NADU,CHENNAI,13.0826,80.2707,CRIMINAL BREACH OF TRUST,22
2011,TAMIL NADU,CHENNAI,13.0826,80.2707,CHEATING,767
2011,TAMIL NADU,CHENNAI,13.0826,80.2707,COUNTERFIETING,99
2011,TAMIL NADU,CHENNAI,13.0826,80.2707,HURT/GREVIOUS HURT,1466
2011,TAMIL NADU,CHENNAI,13.0826,80.2707,DOWRY DEATHS,20
2011,TAMIL NADU,CHENNAI,13.0826,80.2707,ASSAULT ON WOMEN WITH INTENT TO OUTRAGE HER MODESTY,73
2011,TAMIL NADU,CHENNAI,13.0826,80.2707,CAUSING DEATH BY NEGLIGENCE,1431
2011,TAMIL NADU,COIMBATORE,11.0168,76.9558,MURDER,39
2011,TAMIL NADU,COIMBATORE,11.0168,76.9558,ATTEMPT TO MURDER,31
2011,TAMIL NADU,COIMBATORE,11.0168,76.9558,CULPABLE HOMICIDE NOT AMOUNTING TO MURDER,0
2011,TAMIL NADU,COIMBATORE,11.0168,76.9558,RAPE,5
2011,TAMIL NADU,COIMBATORE,11.0168,76.9558,OTHER RAPE,5
2011,TAMIL NADU,COIMBATORE,11.0168,76.9558,KIDNAPPING & ABDUCTION,48
2011,TAMIL NADU,COIMBATORE,11.0168,76.9558,KIDNAPPING AND ABDUCTION OF WOMEN AND GIRLS,29
2011,TAMIL NADU,COIMBATORE,11.0168,76.9558,KIDNAPPING AND ABDUCTION OF OTHERS,19
2011,TAMIL NADU,COIMBATORE,11.0168,76.9558,DACOITY,4
2011,TAMIL NADU,COIMBATORE,11.0168,76.9558,ROBBERY,112
2011,TAMIL NADU,COIMBATORE,11.0168,76.9558,BURGLARY,166
2011,TAMIL NADU,COIMBATORE,11.0168,76.9558,THEFT,402
2011,TAMIL NADU,COIMBATORE,11.0168,76.9558,RIOTS,78
2011,TAMIL NADU,COIMBATORE,11.0168,76.9558,CRIMINAL BREACH OF TRUST,9
2011,TAMIL NADU,COIMBATORE,11.0168,76.9558,CHEATING,51
2011,TAMIL NADU,COIMBATORE,11.0168,76.9558,COUNTERFIETING,11
2011,TAMIL NADU,COIMBATORE,11.0168,76.9558,HURT/GREVIOUS HURT,464
2011,TAMIL NADU,COIMBATORE,11.0168,76.9558,DOWRY DEATHS,1
2011,TAMIL NADU,COIMBATORE,11.0168,76.9558,ASSAULT ON WOMEN WITH INTENT TO OUTRAGE HER MODESTY,43
2011,TAMIL NADU,COIMBATORE,11.0168,76.9558,CAUSING DEATH BY NEGLIGENCE,554
2011,TAMIL NADU,SALEM,11.6643,78.146,MURDER,70
2011,TAMIL NADU,SALEM,11.6643,78.146,ATTEMPT TO MURDER,74
2011,TAMIL NADU,SALEM,11.6643,78.146,CULPABLE HOMICIDE NOT AMOUNTING TO MURDER,1
2011,TAMIL NADU,SALEM,11.6643,78.146,RAPE,35
2011,TAMIL NADU,SALEM,11.6643,78.146,OTHER RAPE,35
2011,TAMIL NADU,SALEM,11.6643,78.146,KIDNAPPING & ABDUCTION,108
2011,TAMIL NADU,SALEM,11.6643,78.146,KIDNAPPING AND ABDUCTION OF WOMEN AND GIRLS,100
2011,TAMIL NADU,SALEM,11.6643,78.146,KIDNAPPING AND ABDUCTION OF OTHERS,8
2011,TAMIL NADU,SALEM,11.6643,78.146,DACOITY,6
2011,TAMIL NADU,SALEM,11.6643,78.146,ROBBERY,40
2011,TAMIL NADU,SALEM,11.6643,78.146,BURGLARY,112
2011,TAMIL NADU,SALEM,11.6643,78.146,THEFT,187
2011,TAMIL NADU,SALEM,11.6643,78.146,RIOTS,231
2011,TAMIL NADU,SALEM,11.6643,78.146,CRIMINAL BREACH OF TRUST,1
2011,TAMIL NADU,SALEM,11.6643,78.146,CHEATING,75
2011,TAMIL NADU,SALEM,11.6643,78.146,COUNTERFIETING,1
2011,TAMIL NADU,SALEM,11.6643,78.146,HURT/GREVIOUS HURT,1650
2011,TAMIL NADU,SALEM,11.6643,78.146,DOWRY DEATHS,4
2011,TAMIL NADU,SALEM,11.6643,78.146,ASSAULT ON WOMEN WITH INTENT TO OUTRAGE HER MODESTY,108
2011,TAMIL NADU,SALEM,11.6643,78.146,CAUSING DEATH BY NEGLIGENCE,563
2011,TAMIL NADU,MADURAI,9.9252,78.1198,MURDER,71
2011,TAMIL NADU,MADURAI,9.9252,78.1198,ATTEMPT TO MURDER,140
2011,TAMIL NADU,MADURAI,9.9252,78.1198,CULPABLE HOMICIDE NOT AMOUNTING TO MURDER,1
2011,TAMIL NADU,MADURAI,9.9252,78.1198,RAPE,21
2011,TAMIL NADU,MADURAI,9.9252,78.1198,OTHER RAPE,21
2011,TAMIL NADU,MADURAI,9.9252,78.1198,KIDNAPPING & ABDUCTION,94
2011,TAMIL NADU,MADURAI,9.9252,78.1198,KIDNAPPING AND ABDUCTION OF WOMEN AND GIRLS,88
2011,TAMIL NADU,MADURAI,9.9252,78.1198,KIDNAPPING AND ABDUCTION OF OTHERS,6
2011,TAMIL NADU,MADURAI,9.9252,78.1198,DACOITY,18
2011,TAMIL NADU,MADURAI,9.9252,78.1198,ROBBERY,156
2011,TAMIL NADU,MADURAI,9.9252,78.1198,BURGLARY,198
2011,TAMIL NADU,MADURAI,9.9252,78.1198,THEFT,355
2011,TAMIL NADU,MADURAI,9.9252,78.1198,RIOTS,183
2011,TAMIL NADU,MADURAI,9.9252,78.1198,CRIMINAL BREACH OF TRUST,3
2011,TAMIL NADU,MADURAI,9.9252,78.1198,CHEATING,209
2011,TAMIL NADU,MADURAI,9.9252,78.1198,COUNTERFIETING,2
2011,TAMIL NADU,MADURAI,9.9252,78.1198,HURT/GREVIOUS HURT,638
2011,TAMIL NADU,MADURAI,9.9252,78.1198,DOWRY DEATHS,12
2011,TAMIL NADU,MADURAI,9.9252,78.1198,ASSAULT ON WOMEN WITH INTENT TO OUTRAGE HER MODESTY,68
2011,TAMIL NADU,MADURAI,9.9252,78.1198,CAUSING DEATH BY NEGLIGENCE,491
2011,TAMIL NADU,THIRUNELVELI,8.7412,77.6946,MURDER,94
2011,TAMIL NADU,THIRUNELVELI,8.7412,77.6946,ATTEMPT TO MURDER,196
2011,TAMIL NADU,THIRUNELVELI,8.7412,77.6946,CULPABLE HOMICIDE NOT AMOUNTING TO MURDER,0
2011,TAMIL NADU,THIRUNELVELI,8.7412,77.6946,RAPE,52
2011,TAMIL NADU,THIRUNELVELI,8.7412,77.6946,OTHER RAPE,52
2011,TAMIL NADU,THIRUNELVELI,8.7412,77.6946,KIDNAPPING & ABDUCTION,56
2011,TAMIL NADU,THIRUNELVELI,8.7412,77.6946,KIDNAPPING AND ABDUCTION OF WOMEN AND GIRLS,46
2011,TAMIL NADU,THIRUNELVELI,8.7412,77.6946,KIDNAPPING AND ABDUCTION OF OTHERS,10
2011,TAMIL NADU,THIRUNELVELI,8.7412,77.6946,DACOITY,1
2011,TAMIL NADU,THIRUNELVELI,8.7412,77.6946,ROBBERY,76
2011,TAMIL NADU,THIRUNELVELI,8.7412,77.6946,BURGLARY,203
2011,TAMIL NADU,THIRUNELVELI,8.7412,77.6946,THEFT,345
2011,TAMIL NADU,THIRUNELVELI,8.7412,77.6946,RIOTS,4
2011,TAMIL NADU,THIRUNELVELI,8.7412,77.6946,CRIMINAL BREACH OF TRUST,7
2011,TAMIL NADU,THIRUNELVELI,8.7412,77.6946,CHEATING,129
2011,TAMIL NADU,THIRUNELVELI,8.7412,77.6946,COUNTERFIETING,7
2011,TAMIL NADU,THIRUNELVELI,8.7412,77.6946,HURT/GREVIOUS HURT,1040
2011,TAMIL NADU,THIRUNELVELI,8.7412,77.6946,DOWRY DEATHS,8
2011,TAMIL NADU,THIRUNELVELI,8.7412,77.6946,ASSAULT ON WOMEN WITH INTENT TO OUTRAGE HER MODESTY,57
2011,TAMIL NADU,THIRUNELVELI,8.7412,77.6946,CAUSING DEATH BY NEGLIGENCE,426
2011,TAMIL NADU,VELLORE,12.9349,79.1468,MURDER,77
2011,TAMIL NADU,VELLORE,12.9349,79.1468,ATTEMPT TO MURDER,72
2011,TAMIL NADU,VELLORE,12.9349,79.1468,CULPABLE HOMICIDE NOT AMOUNTING TO MURDER,5
2011,TAMIL NADU,VELLORE,12.9349,79.1468,RAPE,25
2011,TAMIL NADU,VELLORE,12.9349,79.1468,OTHER RAPE,25
2011,TAMIL NADU,VELLORE,12.9349,79.1468,KIDNAPPING & ABDUCTION,84
2011,TAMIL NADU,VELLORE,12.9349,79.1468,KIDNAPPING AND ABDUCTION OF WOMEN AND GIRLS,78
2011,TAMIL NADU,VELLORE,12.9349,79.1468,KIDNAPPING AND ABDUCTION OF OTHERS,6
2011,TAMIL NADU,VELLORE,12.9349,79.1468,DACOITY,3
2011,TAMIL NADU,VELLORE,12.9349,79.1468,ROBBERY,23
2011,TAMIL NADU,VELLORE,12.9349,79.1468,BURGLARY,186
2011,TAMIL NADU,VELLORE,12.9349,79.1468,THEFT,560
2011,TAMIL NADU,VELLORE,12.9349,79.1468,RIOTS,3
2011,TAMIL NADU,VELLORE,12.9349,79.1468,CRIMINAL BREACH OF TRUST,6
2011,TAMIL NADU,VELLORE,12.9349,79.1468,CHEATING,81
2011,TAMIL NADU,VELLORE,12.9349,79.1468,COUNTERFIETING,12
2011,TAMIL NADU,VELLORE,12.9349,79.1468,HURT/GREVIOUS HURT,794
2011,TAMIL NADU,VELLORE,12.9349,79.1468,DOWRY DEATHS,5
2011,TAMIL NADU,VELLORE,12.9349,79.1468,ASSAULT ON WOMEN WITH INTENT TO OUTRAGE HER MODESTY,29
2011,TAMIL NADU,VELLORE,12.9349,79.1468,CAUSING DEATH BY NEGLIGENCE,740
2012,TAMIL NADU,CHENNAI,13.0826,80.2707,MURDER,180
2012,TAMIL NADU,CHENNAI,13.0826,80.2707,ATTEMPT TO MURDER,219
2012,TAMIL NADU,CHENNAI,13.0826,80.2707,CULPABLE HOMICIDE NOT AMOUNTING TO MURDER,4
2012,TAMIL NADU,CHENNAI,13.0826,80.2707,RAPE,94
2012,TAMIL NADU,CHENNAI,13.0826,80.2707,OTHER RAPE,94
2012,TAMIL NADU,CHENNAI,13.0826,80.2707,KIDNAPPING & ABDUCTION,87
2012,TAMIL NADU,CHENNAI,13.0826,80.2707,KIDNAPPING AND ABDUCTION OF WOMEN AND GIRLS,65
2012,TAMIL NADU,CHENNAI,13.0826,80.2707,KIDNAPPING AND ABDUCTION OF OTHERS,22
2012,TAMIL NADU,CHENNAI,13.0826,80.2707,DACOITY,2
2012,TAMIL NADU,CHENNAI,13.0826,80.2707,ROBBERY,85
2012,TAMIL NADU,CHENNAI,13.0826,80.2707,BURGLARY,546
2012,TAMIL NADU,CHENNAI,13.0826,80.2707,THEFT,2169
2012,TAMIL NADU,CHENNAI,13.0826,80.2707,RIOTS,95
2012,TAMIL NADU,CHENNAI,13.0826,80.2707,CRIMINAL BREACH OF TRUST,50
2012,TAMIL NADU,CHENNAI,13.0826,80.2707,CHEATING,769
2012,TAMIL NADU,CHENNAI,13.0826,80.2707,COUNTERFIETING,137
2012,TAMIL NADU,CHENNAI,13.0826,80.2707,HURT/GREVIOUS HURT,1412
2012,TAMIL NADU,CHENNAI,13.0826,80.2707,DOWRY DEATHS,12
2012,TAMIL NADU,CHENNAI,13.0826,80.2707,ASSAULT ON WOMEN WITH INTENT TO OUTRAGE HER MODESTY,90
2012,TAMIL NADU,CHENNAI,13.0826,80.2707,CAUSING DEATH BY NEGLIGENCE,1411
2012,TAMIL NADU,COIMBATORE,11.0168,76.9558,MURDER,51
2012,TAMIL NADU,COIMBATORE,11.0168,76.9558,ATTEMPT TO MURDER,28
2012,TAMIL NADU,COIMBATORE,11.0168,76.9558,CULPABLE HOMICIDE NOT AMOUNTING TO MURDER,0
2012,TAMIL NADU,COIMBATORE,11.0168,76.9558,RAPE,9
2012,TAMIL NADU,COIMBATORE,11.0168,76.9558,OTHER RAPE,9
2012,TAMIL NADU,COIMBATORE,11.0168,76.9558,KIDNAPPING & ABDUCTION,41
2012,TAMIL NADU,COIMBATORE,11.0168,76.9558,KIDNAPPING AND ABDUCTION OF WOMEN AND GIRLS,32
2012,TAMIL NADU,COIMBATORE,11.0168,76.9558,KIDNAPPING AND ABDUCTION OF OTHERS,9
2012,TAMIL NADU,COIMBATORE,11.0168,76.9558,DACOITY,4
2012,TAMIL NADU,COIMBATORE,11.0168,76.9558,ROBBERY,72
2012,TAMIL NADU,COIMBATORE,11.0168,76.9558,BURGLARY,125
2012,TAMIL NADU,COIMBATORE,11.0168,76.9558,THEFT,354
2012,TAMIL NADU,COIMBATORE,11.0168,76.9558,RIOTS,130
2012,TAMIL NADU,COIMBATORE,11.0168,76.9558,CRIMINAL BREACH OF TRUST,4
2012,TAMIL NADU,COIMBATORE,11.0168,76.9558,CHEATING,89
2012,TAMIL NADU,COIMBATORE,11.0168,76.9558,COUNTERFIETING,0
2012,TAMIL NADU,COIMBATORE,11.0168,76.9558,HURT/GREVIOUS HURT,442
2012,TAMIL NADU,COIMBATORE,11.0168,76.9558,DOWRY DEATHS,1
2012,TAMIL NADU,COIMBATORE,11.0168,76.9558,ASSAULT ON WOMEN WITH INTENT TO OUTRAGE HER MODESTY,38
2012,TAMIL NADU,COIMBATORE,11.0168,76.9558,CAUSING DEATH BY NEGLIGENCE,744
2012,TAMIL NADU,SALEM,11.6643,78.146,MURDER,60
2012,TAMIL NADU,SALEM,11.6643,78.146,ATTEMPT TO MURDER,40
2012,TAMIL NADU,SALEM,11.6643,78.146,CULPABLE HOMICIDE NOT AMOUNTING TO MURDER,0
2012,TAMIL NADU,SALEM,11.6643,78.146,RAPE,36
2012,TAMIL NADU,SALEM,11.6643,78.146,OTHER RAPE,36
2012,TAMIL NADU,SALEM,11.6643,78.146,KIDNAPPING & ABDUCTION,79
2012,TAMIL NADU,SALEM,11.6643,78.146,KIDNAPPING AND ABDUCTION OF WOMEN AND GIRLS,25
2012,TAMIL NADU,SALEM,11.6643,78.146,KIDNAPPING AND ABDUCTION OF OTHERS,4
2012,TAMIL NADU,SALEM,11.6643,78.146,DACOITY,0
2012,TAMIL NADU,SALEM,11.6643,78.146,ROBBERY,26
2012,TAMIL NADU,SALEM,11.6643,78.146,BURGLARY,66
2012,TAMIL NADU,SALEM,11.6643,78.146,THEFT,204
2012,TAMIL NADU,SALEM,11.6643,78.146,RIOTS,133
2012,TAMIL NADU,SALEM,11.6643,78.146,CRIMINAL BREACH OF TRUST,0
2012,TAMIL NADU,SALEM,11.6643,78.146,CHEATING,92
2012,TAMIL NADU,SALEM,11.6643,78.146,COUNTERFIETING,3
2012,TAMIL NADU,SALEM,11.6643,78.146,HURT/GREVIOUS HURT,1418
2012,TAMIL NADU,SALEM,11.6643,78.146,DOWRY DEATHS,1
2012,TAMIL NADU,SALEM,11.6643,78.146,ASSAULT ON WOMEN WITH INTENT TO OUTRAGE HER MODESTY,87
2012,TAMIL NADU,SALEM,11.6643,78.146,CAUSING DEATH BY NEGLIGENCE,608
2012,TAMIL NADU,MADURAI,9.9252,78.1198,MURDER,76
2012,TAMIL NADU,MADURAI,9.9252,78.1198,ATTEMPT TO MURDER,142
2012,TAMIL NADU,MADURAI,9.9252,78.1198,CULPABLE HOMICIDE NOT AMOUNTING TO MURDER,2
2012,TAMIL NADU,MADURAI,9.9252,78.1198,RAPE,30
2012,TAMIL NADU,MADURAI,9.9252,78.1198,OTHER RAPE,30
2012,TAMIL NADU,MADURAI,9.9252,78.1198,KIDNAPPING & ABDUCTION,83
2012,TAMIL NADU,MADURAI,9.9252,78.1198,KIDNAPPING AND ABDUCTION OF WOMEN AND GIRLS,75
2012,TAMIL NADU,MADURAI,9.9252,78.1198,KIDNAPPING AND ABDUCTION OF OTHERS,8
2012,TAMIL NADU,MADURAI,9.9252,78.1198,DACOITY,7
2012,TAMIL NADU,MADURAI,9.9252,78.1198,ROBBERY,121
2012,TAMIL NADU,MADURAI,9.9252,78.1198,BURGLARY,191
2012,TAMIL NADU,MADURAI,9.9252,78.1198,THEFT,370
2012,TAMIL NADU,MADURAI,9.9252,78.1198,RIOTS,196
2012,TAMIL NADU,MADURAI,9.9252,78.1198,CRIMINAL BREACH OF TRUST,40
2012,TAMIL NADU,MADURAI,9.9252,78.1198,CHEATING,348
2012,TAMIL NADU,MADURAI,9.9252,78.1198,COUNTERFIETING,0
2012,TAMIL NADU,MADURAI,9.9252,78.1198,HURT/GREVIOUS HURT,632
2012,TAMIL NADU,MADURAI,9.9252,78.1198,DOWRY DEATHS,11
2012,TAMIL NADU,MADURAI,9.9252,78.1198,ASSAULT ON WOMEN WITH INTENT TO OUTRAGE HER MODESTY,75
2012,TAMIL NADU,MADURAI,9.9252,78.1198,CAUSING DEATH BY NEGLIGENCE,471
2012,TAMIL NADU,THIRUNELVELI,8.7412,77.6946,MURDER,88
2012,TAMIL NADU,THIRUNELVELI,8.7412,77.6946,ATTEMPT TO MURDER,288
2012,TAMIL NADU,THIRUNELVELI,8.7412,77.6946,CULPABLE HOMICIDE NOT AMOUNTING TO MURDER,0
2012,TAMIL NADU,THIRUNELVELI,8.7412,77.6946,RAPE,44
2012,TAMIL NADU,THIRUNELVELI,8.7412,77.6946,OTHER RAPE,44
2012,TAMIL NADU,THIRUNELVELI,8.7412,77.6946,KIDNAPPING & ABDUCTION,52
2012,TAMIL NADU,THIRUNELVELI,8.7412,77.6946,KIDNAPPING AND ABDUCTION OF WOMEN AND GIRLS,43
2012,TAMIL NADU,THIRUNELVELI,8.7412,77.6946,KIDNAPPING AND ABDUCTION OF OTHERS,9
2012,TAMIL NADU,THIRUNELVELI,8.7412,77.6946,DACOITY,1
2012,TAMIL NADU,THIRUNELVELI,8.7412,77.6946,ROBBERY,103
2012,TAMIL NADU,THIRUNELVELI,8.7412,77.6946,BURGLARY,185
2012,TAMIL NADU,THIRUNELVELI,8.7412,77.6946,THEFT,230
2012,TAMIL NADU,THIRUNELVELI,8.7412,77.6946,RIOTS,4
2012,TAMIL NADU,THIRUNELVELI,8.7412,77.6946,CRIMINAL BREACH OF TRUST,9
2012,TAMIL NADU,THIRUNELVELI,8.7412,77.6946,CHEATING,227
2012,TAMIL NADU,THIRUNELVELI,8.7412,77.6946,COUNTERFIETING,5
2012,TAMIL NADU,THIRUNELVELI,8.7412,77.6946,HURT/GREVIOUS HURT,1061
2012,TAMIL NADU,THIRUNELVELI,8.7412,77.6946,DOWRY DEATHS,3
2012,TAMIL NADU,THIRUNELVELI,8.7412,77.6946,ASSAULT ON WOMEN WITH INTENT TO OUTRAGE HER MODESTY,58
2012,TAMIL NADU,THIRUNELVELI,8.7412,77.6946,CAUSING DEATH BY NEGLIGENCE,437
2012,TAMIL NADU,VELLORE,12.9349,79.1468,MURDER,76
2012,TAMIL NADU,VELLORE,12.9349,79.1468,ATTEMPT TO MURDER,82
2012,TAMIL NADU,VELLORE,12.9349,79.1468,CULPABLE HOMICIDE NOT AMOUNTING TO MURDER,11
2012,TAMIL NADU,VELLORE,12.9349,79.1468,RAPE,24
2012,TAMIL NADU,VELLORE,12.9349,79.1468,OTHER RAPE,24
2012,TAMIL NADU,VELLORE,12.9349,79.1468,KIDNAPPING & ABDUCTION,76
2012,TAMIL NADU,VELLORE,12.9349,79.1468,KIDNAPPING AND ABDUCTION OF WOMEN AND GIRLS,68
2012,TAMIL NADU,VELLORE,12.9349,79.1468,KIDNAPPING AND ABDUCTION OF OTHERS,8
2012,TAMIL NADU,VELLORE,12.9349,79.1468,DACOITY,6
2012,TAMIL NADU,VELLORE,12.9349,79.1468,ROBBERY,40
2012,TAMIL NADU,VELLORE,12.9349,79.1468,BURGLARY,188
2012,TAMIL NADU,VELLORE,12.9349,79.1468,THEFT,489
2012,TAMIL NADU,VELLORE,12.9349,79.1468,RIOTS,9
2012,TAMIL NADU,VELLORE,12.9349,79.1468,CRIMINAL BREACH OF TRUST,18
2012,TAMIL NADU,VELLORE,12.9349,79.1468,CHEATING,71
2012,TAMIL NADU,VELLORE,12.9349,79.1468,COUNTERFIETING,23
2012,TAMIL NADU,VELLORE,12.9349,79.1468,HURT/GREVIOUS HURT,789
2012,TAMIL NADU,VELLORE,12.9349,79.1468,DOWRY DEATHS,8
2012,TAMIL NADU,VELLORE,12.9349,79.1468,ASSAULT ON WOMEN WITH INTENT TO OUTRAGE HER MODESTY,38
2012,TAMIL NADU,VELLORE,12.9349,79.1468,CAUSING DEATH BY NEGLIGENCE,735
